<?xml version="1.0" encoding="utf-8"?>
<eml:eml xmlns:eml="eml://ecoinformatics.org/eml-2.1.1" xmlns:xsi="http://www.w3.org/2001/XMLSchema-instance"
         xsi:schemaLocation="eml://ecoinformatics.org/eml-2.1.1 http://rs.gbif.org/schema/eml-gbif-profile/1.1/eml.xsd"
        packageId="10.15468/dl.3xww9o"  system="http://gbif.org" scope="system"
  xml:lang="en">

<dataset>
        <alternateIdentifier>0073767-160910150852091</alternateIdentifier>
    <title>GBIF Occurrence Download 10.15468/dl.3xww9o</title>
    <creator>
    <individualName>
        <surName>GBIF Download Service</surName>
    </individualName>
<electronicMailAddress>support@gbif.org</electronicMailAddress>    </creator>
    <metadataProvider>
    <individualName>
        <surName>GBIF Download Service</surName>
    </individualName>
<electronicMailAddress>support@gbif.org</electronicMailAddress>    </metadataProvider>
    <associatedParty>
    <individualName>
<givenName>Dawn</givenName>        <surName>Roberts</surName>
    </individualName>
<organizationName>The Chicago Academy of Sciences</organizationName><positionName>Director of Collections</positionName>    <address>
<deliveryPoint>2430 North Cannon Drive</deliveryPoint><city>Chicago</city><administrativeArea>IL</administrativeArea><postalCode>60614</postalCode><country>UNITED_STATES</country>    </address>
<phone>+01 773-755-5125</phone><electronicMailAddress>droberts@naturemuseum.org</electronicMailAddress><onlineUrl>http://www.naturemuseum.org</onlineUrl>    <role>CONTENT_PROVIDER</role>
    </associatedParty>
    <associatedParty>
    <individualName>
<givenName>Anders</givenName>        <surName>Telenius</surName>
    </individualName>
<organizationName>Swedish Museum of Natural History</organizationName><positionName>Node manager</positionName>    <address>
<city>Stockholm</city><country>SWEDEN</country>    </address>
<electronicMailAddress>anders.telenius@nrm.se</electronicMailAddress>    <role>CONTENT_PROVIDER</role>
    </associatedParty>
    <associatedParty>
    <individualName>
<givenName>Casey</givenName>        <surName>Dillman</surName>
    </individualName>
<organizationName>Cornell University Museum of Vertebrates</organizationName><positionName>Collections Manager</positionName>    <address>
<deliveryPoint>159 Sapsucker Woods Road</deliveryPoint><city>Ithaca</city><administrativeArea>NY</administrativeArea><postalCode>14850-1923</postalCode><country>UNITED_STATES</country>    </address>
<phone>+1 607-254-2161</phone><electronicMailAddress>cbd63@cornell.edu</electronicMailAddress><onlineUrl>http://www.cumv.cornell.edu</onlineUrl>    <role>CONTENT_PROVIDER</role>
    </associatedParty>
    <associatedParty>
    <individualName>
<givenName>Norman</givenName>        <surName>Johnson</surName>
    </individualName>
<organizationName>Ohio State University</organizationName><positionName>Director, Professor</positionName>    <address>
<country>UNITED_STATES</country>    </address>
<electronicMailAddress>johnson.2@osu.edu</electronicMailAddress><onlineUrl>http://wasps.osu.edu</onlineUrl>    <role>CONTENT_PROVIDER</role>
    </associatedParty>
    <associatedParty>
    <individualName>
<givenName>Patricia</givenName>        <surName>Holroyd</surName>
    </individualName>
<organizationName>University of California Museum of Paleontology</organizationName><positionName>Museum Scientist</positionName>    <address>
<deliveryPoint>1101 Valley Life Sciences Building</deliveryPoint><city>Berkeley</city><administrativeArea>California</administrativeArea><postalCode>94720-4780</postalCode><country>UNITED_STATES</country>    </address>
<phone>510-642-3733</phone><electronicMailAddress>pholroyd@berkeley.edu</electronicMailAddress><onlineUrl>http://www.ucmp.berkeley.edu/</onlineUrl>    <role>CONTENT_PROVIDER</role>
    </associatedParty>
    <associatedParty>
    <individualName>
<givenName>Sam</givenName>        <surName>Sweet</surName>
    </individualName>
<organizationName>Cheadle Center for Biodiversity and Ecological Restoration</organizationName><positionName>Curator</positionName>    <address>
<deliveryPoint>Harder South, Building 578, MS-9615</deliveryPoint><city>Santa Barbara</city><administrativeArea>CA</administrativeArea><postalCode>93106-9615</postalCode><country>UNITED_STATES</country>    </address>
<phone>+01 805-893-3730</phone><electronicMailAddress>sweet@lifesci.ucsb.edu</electronicMailAddress><onlineUrl>http://ccber.ucsb.edu/</onlineUrl>    <role>CONTENT_PROVIDER</role>
    </associatedParty>
    <associatedParty>
    <individualName>
        <surName>MNHN</surName>
    </individualName>
<organizationName>MNHN</organizationName><positionName>Provider</positionName>    <role>CONTENT_PROVIDER</role>
    </associatedParty>
    <associatedParty>
    <individualName>
<givenName>Sharon</givenName>        <surName>Grant</surName>
    </individualName>
<organizationName>Field Museum of Natural History</organizationName><positionName>Technology Liaison to Science</positionName>    <address>
<deliveryPoint>1400 S Lake Shore Drive</deliveryPoint><city>Chicago</city><administrativeArea>IL</administrativeArea><postalCode>60605</postalCode><country>UNITED_STATES</country>    </address>
<phone>3126657203</phone><electronicMailAddress>sgrant@fieldmuseum.org</electronicMailAddress><onlineUrl>http://www.fieldmuseum.org</onlineUrl>    <role>CONTENT_PROVIDER</role>
    </associatedParty>
    <associatedParty>
    <individualName>
<givenName>Michael</givenName>        <surName>Dixon</surName>
    </individualName>
<organizationName>Angelo State University</organizationName><positionName>Curator</positionName>    <address>
<deliveryPoint>ASU Station #10890</deliveryPoint><city>San Angelo</city><administrativeArea>Texas</administrativeArea><postalCode>76909-0890</postalCode><country>UNITED_STATES</country>    </address>
<phone>(325) 486-6636</phone><electronicMailAddress>michael.dixon@angelo.edu</electronicMailAddress>    <role>CONTENT_PROVIDER</role>
    </associatedParty>
    <associatedParty>
    <individualName>
<givenName>Jeroen</givenName>        <surName>Creuwels</surName>
    </individualName>
<organizationName>Naturalis Biodiversity Center</organizationName><positionName>Data manager</positionName>    <address>
<deliveryPoint>PO Box 9517</deliveryPoint><city>Leiden</city><administrativeArea>Zuid Holland</administrativeArea><postalCode>NL-2300 RA</postalCode><country>NETHERLANDS</country>    </address>
<phone>+31.71.7519600</phone><electronicMailAddress>informatiemanagement@naturalis.nl</electronicMailAddress><onlineUrl>http://science.naturalis.nl</onlineUrl>    <role>CONTENT_PROVIDER</role>
    </associatedParty>
    <associatedParty>
    <individualName>
<givenName>David</givenName>        <surName>Dickey</surName>
    </individualName>
<organizationName>American Museum of Natural History</organizationName><positionName>Sr. Scientific Asst.</positionName>    <address>
<deliveryPoint>Central Park West at 79th Street</deliveryPoint><city>New York</city><administrativeArea>NY</administrativeArea><postalCode>10024</postalCode><country>UNITED_STATES</country>    </address>
<phone>+01 212-313-7783</phone><electronicMailAddress>dickey@amnh.org</electronicMailAddress><onlineUrl>http://www.amnh.org/</onlineUrl>    <role>CONTENT_PROVIDER</role>
    </associatedParty>
    <associatedParty>
    <individualName>
<givenName>MCZ</givenName>        <surName>Harvard University</surName>
    </individualName>
<organizationName>Museum of Comparative Zoology</organizationName>    <address>
<deliveryPoint>26 Oxford Street</deliveryPoint><city>Cambridge</city><administrativeArea>MA</administrativeArea><postalCode>02138</postalCode><country>UNITED_STATES</country>    </address>
<onlineUrl>http://www.mcz.harvard.edu</onlineUrl>    <role>CONTENT_PROVIDER</role>
    </associatedParty>
    <associatedParty>
    <individualName>
<givenName>Lance</givenName>        <surName>McBrayer</surName>
    </individualName>
<organizationName>Georgia Southern University</organizationName><positionName>Associate Professor</positionName>    <address>
<deliveryPoint>Biology 2214</deliveryPoint><city>Statesboro</city><administrativeArea>GA</administrativeArea><postalCode>30460-8042</postalCode><country>UNITED_STATES</country>    </address>
<phone>+01 912 478 0545</phone><electronicMailAddress>lancemcbrayer@georgiasouthern.edu</electronicMailAddress><onlineUrl>https://sites.google.com/a/georgiasouthern.edu/lance-mcbrayer/</onlineUrl>    <role>CONTENT_PROVIDER</role>
    </associatedParty>
    <associatedParty>
    <individualName>
<givenName>Laura</givenName>        <surName>Abraczinskas</surName>
    </individualName>
<organizationName>Michigan State University Museum</organizationName><positionName>Collections Manager</positionName>    <address>
<deliveryPoint>409 West Circle Drive</deliveryPoint><city>East Lansing</city><administrativeArea>MI</administrativeArea><postalCode>48824</postalCode><country>UNITED_STATES</country>    </address>
<phone>+01 517-355-1290</phone><electronicMailAddress>abraczi1@msu.edu</electronicMailAddress><onlineUrl>http://museum.msu.edu/</onlineUrl>    <role>CONTENT_PROVIDER</role>
    </associatedParty>
    <associatedParty>
    <individualName>
<givenName>Donna</givenName>        <surName>Dittmann</surName>
    </individualName>
<organizationName>Louisiana State University Museum of Natural Science</organizationName><positionName>Collections Manager</positionName>    <address>
<deliveryPoint>119 Foster Hall</deliveryPoint><city>Baton Rouge</city><administrativeArea>LA</administrativeArea><postalCode>70803</postalCode><country>UNITED_STATES</country>    </address>
<phone>+01 225-578-2855</phone><electronicMailAddress>ddittma@lsu.edu</electronicMailAddress><onlineUrl>http://sites01.lsu.edu/wp/mns/research-collections/genetic-resources/</onlineUrl>    <role>CONTENT_PROVIDER</role>
    </associatedParty>
    <associatedParty>
<organizationName>OZCAM (Online Zoological Collections of Australian Museums) Provider</organizationName><onlineUrl>http://www.ozcam.org.au/</onlineUrl>    <role>CONTENT_PROVIDER</role>
    </associatedParty>
    <associatedParty>
    <individualName>
<givenName>Rafe</givenName>        <surName>Brown</surName>
    </individualName>
<organizationName>KU Biodiversity Institute</organizationName><positionName>Curator-in-Charge of Herpetology</positionName>    <address>
<deliveryPoint>1345 Jayhawk Blvd</deliveryPoint><city>Lawrence</city><administrativeArea>KS</administrativeArea><postalCode>66045</postalCode><country>UNITED_STATES</country>    </address>
<phone>+01 785-864-3403</phone><electronicMailAddress>rafe@ku.edu</electronicMailAddress><onlineUrl>http://herpetology.biodiversity.ku.edu/</onlineUrl>    <role>CONTENT_PROVIDER</role>
    </associatedParty>
    <associatedParty>
    <individualName>
<givenName>Jeroen</givenName>        <surName>Creuwels</surName>
    </individualName>
<organizationName>Naturalis Biodiversity Center</organizationName><positionName>IPT Administrator</positionName>    <address>
<deliveryPoint>PO Box 9517</deliveryPoint><city>Leiden</city><administrativeArea>Zuid Holland</administrativeArea><postalCode>NL-2300 RA</postalCode><country>NETHERLANDS</country>    </address>
<phone>+31.71.5687600</phone><electronicMailAddress>informatiemanagement@naturalis.nl</electronicMailAddress><onlineUrl>http://science.naturalis.nl</onlineUrl>    <role>CONTENT_PROVIDER</role>
    </associatedParty>
    <associatedParty>
    <individualName>
<givenName>Víctor Hugo</givenName>        <surName>Reynoso Rosales</surName>
    </individualName>
<organizationName>Universidad Nacional Autónoma de México
. Instituto de Biología
. Departamento de Zoología
. Colección Nacional de Anfibios y Reptiles</organizationName><positionName>Responsable</positionName>    <address>
<city>México</city><administrativeArea>Distrito Federal</administrativeArea><postalCode>04510</postalCode><country>MEXICO</country>    </address>
<phone>Tel  (01) 5622-9153  Fax (01) 5550-0164</phone><electronicMailAddress>vreynoso@ib.unam.mx</electronicMailAddress>    <role>CONTENT_PROVIDER</role>
    </associatedParty>
    <associatedParty>
    <individualName>
<givenName>Heather</givenName>        <surName>Prestridge</surName>
    </individualName>
<organizationName>Texas A&amp;M University Biodiversity Research and Teaching Collections</organizationName><positionName>Curator</positionName>    <address>
<deliveryPoint>Department of Wildlife and Fisheries Sciences, TAMU 2258</deliveryPoint><city>College Station</city><administrativeArea>TX</administrativeArea><postalCode>77843</postalCode><country>UNITED_STATES</country>    </address>
<phone>+01 (979) 845-5783</phone><electronicMailAddress>hlprestridge@tamu.edu</electronicMailAddress><onlineUrl>http://brtc.tamu.edu</onlineUrl>    <role>CONTENT_PROVIDER</role>
    </associatedParty>
    <associatedParty>
    <individualName>
<givenName>Stanley</givenName>        <surName>Blum</surName>
    </individualName>
<organizationName>California Academy of Sciences</organizationName><positionName>Research Information Manager</positionName>    <address>
<deliveryPoint>55 Music Concourse Dr.</deliveryPoint><city>San Francisco</city><administrativeArea>CA</administrativeArea><postalCode>94118</postalCode><country>UNITED_STATES</country>    </address>
<phone>+1 (415) 379-5189</phone><electronicMailAddress>sblum@calacademy.org</electronicMailAddress>    <role>CONTENT_PROVIDER</role>
    </associatedParty>
    <associatedParty>
    <individualName>
<givenName>Chris</givenName>        <surName>Feldman</surName>
    </individualName>
<organizationName>University of Nevada, Reno</organizationName><positionName>Co-director of Museum of Natural History</positionName>    <address>
<deliveryPoint>1664 North Virginia Street</deliveryPoint><city>Reno</city><administrativeArea>NV</administrativeArea><postalCode>89557</postalCode><country>UNITED_STATES</country>    </address>
<phone>+01 775-784-4053</phone><electronicMailAddress>ophis@unr.edu</electronicMailAddress><onlineUrl>http://www.unr.edu/~ophis</onlineUrl>    <role>CONTENT_PROVIDER</role>
    </associatedParty>
    <associatedParty>
    <individualName>
<givenName>Curtis</givenName>        <surName>Schmidt</surName>
    </individualName>
<organizationName>Fort Hays State University, Sternberg Museum of Natural History</organizationName><positionName>Collections Manager</positionName>    <address>
<deliveryPoint>3000 Sternberg Drive</deliveryPoint><city>Hays</city><administrativeArea>KS</administrativeArea><postalCode>67601</postalCode><country>UNITED_STATES</country>    </address>
<phone>+01 785-650-2447</phone><electronicMailAddress>cjschmidt@fhsu.edu</electronicMailAddress><onlineUrl>http://sternberg.fhsu.edu/</onlineUrl>    <role>CONTENT_PROVIDER</role>
    </associatedParty>
    <associatedParty>
    <individualName>
<givenName>Ben</givenName>        <surName>Norton</surName>
    </individualName>
<organizationName>North Carolina Museum of Natural Sciences</organizationName><positionName>Head, Technology</positionName>    <address>
<deliveryPoint>11 West Jones Street</deliveryPoint><city>Raleigh</city><administrativeArea>NC</administrativeArea><postalCode>27601</postalCode><country>UNITED_STATES</country>    </address>
<phone>919-707-9947</phone><electronicMailAddress>ben.norton@naturalsciences.org</electronicMailAddress><onlineUrl>http://collections.naturalsciences.org</onlineUrl>    <role>CONTENT_PROVIDER</role>
    </associatedParty>
    <associatedParty>
    <individualName>
<givenName>Adam</givenName>        <surName>Leache</surName>
    </individualName>
<organizationName>University of Washington Burke Museum</organizationName><positionName>Curator of Genetic Resources and Herpetology</positionName>    <address>
<deliveryPoint>Department of Biology, 24 Kincaid Hall, University of Washington</deliveryPoint><city>Seattle</city><administrativeArea>WA</administrativeArea><postalCode>98195-1800</postalCode><country>UNITED_STATES</country>    </address>
<phone>(206) 543-7622</phone><electronicMailAddress>leache@uw.edu</electronicMailAddress><onlineUrl>http://faculty.washington.edu/leache/wordpress/</onlineUrl>    <role>CONTENT_PROVIDER</role>
    </associatedParty>
    <associatedParty>
    <individualName>
<givenName>Leslie</givenName>        <surName>Honey</surName>
    </individualName>
<organizationName>NatureServe</organizationName><positionName>Vice President of Conservation Services</positionName>    <address>
<deliveryPoint>4600 N. Fairfax Dr., 7th Floor</deliveryPoint><city>Arlington</city><administrativeArea>VA</administrativeArea><postalCode>22203</postalCode><country>UNITED_STATES</country>    </address>
<phone>001-703-908-1824</phone><electronicMailAddress>productsandservices@natureserve.org</electronicMailAddress><onlineUrl>http://www.natureserve.org/</onlineUrl>    <role>CONTENT_PROVIDER</role>
    </associatedParty>
    <associatedParty>
    <individualName>
<givenName>Stephen</givenName>        <surName>Rogers</surName>
    </individualName>
<organizationName>Carnegie Museum of Natural History</organizationName><positionName>Collection Manager</positionName>    <address>
<deliveryPoint>4400 Forbes Ave.</deliveryPoint><city>Pittsburg</city><administrativeArea>PA</administrativeArea><postalCode>15213-4080</postalCode><country>UNITED_STATES</country>    </address>
<phone>+01 412-622-3255</phone><electronicMailAddress>rogerss@carnegiemnh.org</electronicMailAddress><onlineUrl>http://www.carnegiemnh.org/herps/index.html</onlineUrl>    <role>CONTENT_PROVIDER</role>
    </associatedParty>
    <associatedParty>
    <individualName>
<givenName>Carol</givenName>        <surName>Spencer</surName>
    </individualName>
<organizationName>Museum of Vertebrate Zoology, UC Berkeley</organizationName><positionName>Staff Curator</positionName>    <address>
<deliveryPoint>3101 Valley Life Sciences Building</deliveryPoint><city>Berkeley</city><administrativeArea>California</administrativeArea><postalCode>94720</postalCode><country>UNITED_STATES</country>    </address>
<phone>510-643-5778</phone><electronicMailAddress>atrox@berkeley.edu</electronicMailAddress><onlineUrl>http://mvz.berkeley.edu/</onlineUrl>    <role>CONTENT_PROVIDER</role>
    </associatedParty>
    <associatedParty>
    <individualName>
<givenName>Teresa</givenName>        <surName>Mayfield</surName>
    </individualName>
<organizationName>University of Texas at El Paso</organizationName><positionName>Manager, UTEP Biodiversity Collections</positionName>    <address>
<deliveryPoint>500 W. University Avenue, Biology B222</deliveryPoint><city>El Paso</city><administrativeArea>TX</administrativeArea><postalCode>79968-0533</postalCode><country>UNITED_STATES</country>    </address>
<phone>+01 915-747-5479</phone><electronicMailAddress>tmayfield@utep.edu</electronicMailAddress><onlineUrl>https://www.utep.edu/leb/collect/collect.htm</onlineUrl>    <role>CONTENT_PROVIDER</role>
    </associatedParty>
    <associatedParty>
<organizationName>The Natural History Museum, London</organizationName><electronicMailAddress>data@nhm.ac.uk</electronicMailAddress><onlineUrl>http://data.nhm.ac.uk</onlineUrl>    <role>CONTENT_PROVIDER</role>
    </associatedParty>
    <associatedParty>
    <individualName>
        <surName>Darwin ICT</surName>
    </individualName>
<organizationName>Royal Belgian Institute of Natural Sciences</organizationName>    <address>
<deliveryPoint>Rue Vautier straat, 29</deliveryPoint><city>Bruxelles/Brussels</city><postalCode>1000</postalCode><country>BELGIUM</country>    </address>
<electronicMailAddress>darwin-ict@naturalsciences.be</electronicMailAddress>    <role>CONTENT_PROVIDER</role>
    </associatedParty>
    <associatedParty>
    <individualName>
<givenName>George</givenName>        <surName>Bradley</surName>
    </individualName>
<organizationName>University of Arizona Museum of Natural History</organizationName><positionName>Collection Manager</positionName>    <address>
<deliveryPoint>Department of Ecology and Evolutionary Biology</deliveryPoint><city>Tucson</city><administrativeArea>AZ</administrativeArea><postalCode>85721</postalCode><country>UNITED_STATES</country>    </address>
<phone>+1 (520) 621-3187</phone><electronicMailAddress>gbradley@email.arizona.edu</electronicMailAddress><onlineUrl>http://www.eebweb.arizona.edu/Collections/</onlineUrl>    <role>CONTENT_PROVIDER</role>
    </associatedParty>
    <associatedParty>
    <individualName>
<givenName>Federico</givenName>        <surName>Barrada de Zavalía</surName>
    </individualName>
    <address>
<country>ARGENTINA</country>    </address>
<electronicMailAddress>fbdezavalia@yahoo.com.ar</electronicMailAddress>    <role>CONTENT_PROVIDER</role>
    </associatedParty>
    <associatedParty>
<organizationName>OZCAM (Online Zoological Collections of Australian Museums) Provider</organizationName><onlineUrl>http://www.ozcam.org.au/</onlineUrl>    <role>CONTENT_PROVIDER</role>
    </associatedParty>
    <associatedParty>
    <individualName>
<givenName>John</givenName>        <surName>Reiss</surName>
    </individualName>
<organizationName>Humboldt State University, Department of Biological Sciences, Vertebrate Museum</organizationName><positionName>Curator</positionName>    <address>
<deliveryPoint>1 Harpst Street</deliveryPoint><city>Arcata</city><administrativeArea>CA</administrativeArea><postalCode>95521</postalCode><country>UNITED_STATES</country>    </address>
<phone>707-826-4156</phone><electronicMailAddress>john.reiss@humboldt.edu</electronicMailAddress><onlineUrl>http://www.humboldt.edu/vmuseum</onlineUrl>    <role>CONTENT_PROVIDER</role>
    </associatedParty>
    <associatedParty>
<organizationName>OZCAM (Online Zoological Collections of Australian Museums) Provider</organizationName><onlineUrl>http://www.ozcam.org.au/</onlineUrl>    <role>CONTENT_PROVIDER</role>
    </associatedParty>
    <associatedParty>
    <individualName>
<givenName>Bradford</givenName>        <surName>Hollingsworth</surName>
    </individualName>
<organizationName>San Diego Natural History Museum</organizationName><positionName>Curator of Herpetology</positionName>    <address>
<deliveryPoint>1788 El Prado, Balboa Park</deliveryPoint><city>San Diego</city><administrativeArea>CA</administrativeArea><postalCode>92101</postalCode><country>UNITED_STATES</country>    </address>
<phone>+01 619-255-0277</phone><electronicMailAddress>bhollingsworth@sdnhm.org</electronicMailAddress><onlineUrl>http://www.sdnhm.org/</onlineUrl>    <role>CONTENT_PROVIDER</role>
    </associatedParty>
    <associatedParty>
    <individualName>
<givenName>Cameron</givenName>        <surName>Siler</surName>
    </individualName>
<organizationName>Sam Noble Oklahoma Museum of Natural History</organizationName><positionName>Curator</positionName>    <address>
<deliveryPoint>2401 Chautauqua Ave.</deliveryPoint><city>Norman</city><administrativeArea>Oklahoma</administrativeArea><postalCode>73072</postalCode><country>UNITED_STATES</country>    </address>
<phone>405-325-3718</phone><electronicMailAddress>camsiler@ou.edu</electronicMailAddress><onlineUrl>http://www.cameronsiler.com/</onlineUrl>    <role>CONTENT_PROVIDER</role>
    </associatedParty>
    <associatedParty>
    <individualName>
<givenName>Seth</givenName>        <surName>Parker</surName>
    </individualName>
<organizationName>Louisiana State University Museum of Natural Science</organizationName><positionName>Herpetology Collections Manager</positionName>    <address>
<deliveryPoint>119 Foster Hall</deliveryPoint><city>Baton Rouge</city><administrativeArea>Louisiana</administrativeArea><postalCode>70803</postalCode><country>UNITED_STATES</country>    </address>
<phone>225-578-3669</phone><electronicMailAddress>sethparker@lsu.edu</electronicMailAddress><onlineUrl>http://sites01.lsu.edu/wp/mns/research-collections/herpetology/</onlineUrl>    <role>CONTENT_PROVIDER</role>
    </associatedParty>
    <associatedParty>
    <individualName>
<givenName>Ildiko</givenName>        <surName>Szabo</surName>
    </individualName>
<organizationName>University of British Columbia Beaty Biodiversity Museum</organizationName><positionName>Assistant Curator</positionName>    <address>
<deliveryPoint>2212 Main Mall</deliveryPoint><city>Vancouver</city><administrativeArea>BC</administrativeArea><postalCode>V6T 1Z4</postalCode><country>CANADA</country>    </address>
<electronicMailAddress>ildiko@zoology.ubc.ca</electronicMailAddress><onlineUrl>http://beatymuseum.ubc.ca/collections/vertebrate</onlineUrl>    <role>CONTENT_PROVIDER</role>
    </associatedParty>
    <associatedParty>
    <individualName>
<givenName>Thomas</givenName>        <surName>Orrell</surName>
    </individualName>
<organizationName>National Museum of Natural History, Smithsonian Institution</organizationName><positionName>Branch Chief, NMNH Informatics</positionName>    <address>
<deliveryPoint>P.O. Box 37012, MRC 136</deliveryPoint><city>Washington</city><administrativeArea>DC</administrativeArea><postalCode>20013-7012</postalCode><country>UNITED_STATES</country>    </address>
<phone>202-633-2151</phone><electronicMailAddress>orrellt@si.edu</electronicMailAddress><onlineUrl>http://collections.mnh.si.edu</onlineUrl>    <role>CONTENT_PROVIDER</role>
    </associatedParty>
    <associatedParty>
    <individualName>
<givenName>Jeroen</givenName>        <surName>Creuwels</surName>
    </individualName>
<organizationName>Naturalis Biodiversity Center</organizationName><positionName>IPT Administrator</positionName>    <address>
<deliveryPoint>PO Box 9517</deliveryPoint><city>Leiden</city><administrativeArea>Zuid Holland</administrativeArea><postalCode>NL-2300 RA</postalCode><country>NETHERLANDS</country>    </address>
<phone>+31.71.5687600</phone><electronicMailAddress>informatiemanagement@naturalis.nl</electronicMailAddress><onlineUrl>http://science.naturalis.nl</onlineUrl>    <role>CONTENT_PROVIDER</role>
    </associatedParty>
    <associatedParty>
    <individualName>
<givenName>David</givenName>        <surName>Cannatella</surName>
    </individualName>
<organizationName>Texas Natural History Collections</organizationName><positionName>Curator</positionName>    <address>
<deliveryPoint>10100 Burnet RD, PRC 176/R4000</deliveryPoint><city>Austin</city><administrativeArea>TX</administrativeArea><postalCode>78758-4445</postalCode><country>UNITED_STATES</country>    </address>
<phone>+01 512-232-4862</phone><electronicMailAddress>catfish@austin.utexas.edu</electronicMailAddress><onlineUrl>http://www.utexas.edu/tmm/tnhc/</onlineUrl>    <role>CONTENT_PROVIDER</role>
    </associatedParty>
    <associatedParty>
    <individualName>
<givenName>Gary</givenName>        <surName>Shugart</surName>
    </individualName>
<organizationName>Slater Museum of Natural History, University of Puget Sound</organizationName><positionName>Collections Manager</positionName>    <address>
<deliveryPoint>1500 N. Warner</deliveryPoint><city>Tacoma</city><administrativeArea>WA</administrativeArea><postalCode>98416</postalCode><country>UNITED_STATES</country>    </address>
<phone>+01 253-879-3356</phone><electronicMailAddress>gshugart@pugetsound.edu</electronicMailAddress><onlineUrl>http://www.pugetsound.edu/academics/academic-resources/slater-museum</onlineUrl>    <role>CONTENT_PROVIDER</role>
    </associatedParty>
    <associatedParty>
    <individualName>
<givenName>Jorge</givenName>        <surName>Alaniz García</surName>
    </individualName>
<organizationName>Universidad Autónoma de Baja California
. Facultad de Ciencias</organizationName><positionName>Responsable</positionName>    <address>
<city>Ensenada</city><administrativeArea>Baja California</administrativeArea><postalCode>22800</postalCode><country>MEXICO</country>    </address>
<phone>Tel/Fax 01 (646) 1 74 59 25</phone><electronicMailAddress>jalaniz@uabc.mx</electronicMailAddress>    <role>CONTENT_PROVIDER</role>
    </associatedParty>
    <associatedParty>
    <individualName>
<givenName>Laura</givenName>        <surName>Russell</surName>
    </individualName>
<organizationName>VertNet</organizationName><positionName>VertNet Programmer</positionName>    <address>
<country>UNITED_STATES</country>    </address>
<electronicMailAddress>larussell@vertnet.org</electronicMailAddress>    <role>CONTENT_PROVIDER</role>
    </associatedParty>
    <associatedParty>
<organizationName>OZCAM (Online Zoological Collections of Australian Museums) Provider</organizationName><onlineUrl>http://www.ozcam.org.au/</onlineUrl>    <role>CONTENT_PROVIDER</role>
    </associatedParty>
    <associatedParty>
    <individualName>
<givenName>Carol</givenName>        <surName>Spencer</surName>
    </individualName>
<organizationName>Museum of Vertebrate Zoology, UC Berkeley</organizationName><positionName>Staff Curator of Herpetology</positionName>    <address>
<deliveryPoint>3101 Valley Life Science Building</deliveryPoint><city>Berkeley</city><administrativeArea>CA</administrativeArea><postalCode>94720-3160</postalCode><country>UNITED_STATES</country>    </address>
<phone>(510) 643-5778</phone><electronicMailAddress>atrox@berkeley.edu</electronicMailAddress><onlineUrl>http://mvz.berkeley.edu</onlineUrl>    <role>CONTENT_PROVIDER</role>
    </associatedParty>
    <associatedParty>
    <individualName>
<givenName>Jack</givenName>        <surName>Sites</surName>
    </individualName>
<organizationName>Monte L. Bean Life Science Museum</organizationName><positionName>Curator of Reptiles and Amphibians</positionName>    <address>
<deliveryPoint>4029 LSB</deliveryPoint><city>Provo</city><administrativeArea>UT</administrativeArea><postalCode>84602</postalCode><country>UNITED_STATES</country>    </address>
<phone>+01 801-422-2279</phone><electronicMailAddress>Jack_Sites@byu.edu</electronicMailAddress><onlineUrl>http://mlbean.byu.edu/</onlineUrl>    <role>CONTENT_PROVIDER</role>
    </associatedParty>
    <associatedParty>
    <individualName>
<givenName>Bradley</givenName>        <surName>Millen</surName>
    </individualName>
<organizationName>Royal Ontario Museum</organizationName><positionName>Database Technician</positionName>    <address>
<deliveryPoint>100 Queen&apos;s Park</deliveryPoint><city>Toronto</city><administrativeArea>Ontario</administrativeArea><postalCode>M5S 2C6</postalCode><country>CANADA</country>    </address>
<phone>1-416-586-5899</phone><electronicMailAddress>bradm@rom.on.ca</electronicMailAddress>    <role>CONTENT_PROVIDER</role>
    </associatedParty>
    <associatedParty>
    <individualName>
        <surName>MNHN</surName>
    </individualName>
<organizationName>MNHN</organizationName><positionName>Provider</positionName>    <role>CONTENT_PROVIDER</role>
    </associatedParty>
    <associatedParty>
    <individualName>
<givenName>Oscar</givenName>        <surName>Flores Villela</surName>
    </individualName>
<organizationName>Universidad Nacional Autónoma de México
. Facultad de Ciencias
. Departamento de Biología
. Museo de Zoología &quot;Alfonso L Herrera&quot;</organizationName><positionName>Responsable</positionName>    <address>
<city>México</city><administrativeArea>Distrito Federal</administrativeArea><postalCode>04510</postalCode><country>MEXICO</country>    </address>
<phone>Tel. 56-22-48-32</phone><electronicMailAddress>ofvq@servidor.unam.mx</electronicMailAddress>    <role>CONTENT_PROVIDER</role>
    </associatedParty>
    <associatedParty>
    <individualName>
<givenName>Rick</givenName>        <surName>Feeney</surName>
    </individualName>
<organizationName>Natural History Museum of Los Angeles County</organizationName><positionName>Fishes Collection Manager</positionName>    <address>
<deliveryPoint>900 Exposition Blvd.</deliveryPoint><city>Los Angeles</city><administrativeArea>CA</administrativeArea><postalCode>90007</postalCode><country>UNITED_STATES</country>    </address>
<phone>+01 213 763 3374</phone><electronicMailAddress>rfeeney@nhm.org</electronicMailAddress><onlineUrl>http://www.nhm.org/</onlineUrl>    <role>CONTENT_PROVIDER</role>
    </associatedParty>
    <associatedParty>
    <individualName>
<givenName>Richard</givenName>        <surName>Pyle</surName>
    </individualName>
<organizationName>Bernice P. Bishop Museum</organizationName><positionName>Database Coordinator</positionName>    <address>
<deliveryPoint>1525 Bernice Street</deliveryPoint><city>Honolulu</city><administrativeArea>Hawaii</administrativeArea><postalCode>96817</postalCode><country>UNITED_STATES</country>    </address>
<phone>808-848-4115</phone><electronicMailAddress>deepreef@bishopmuseum.org</electronicMailAddress><onlineUrl>http://hbs.bishopmuseum.org/staff/pylerichard.html</onlineUrl>    <role>CONTENT_PROVIDER</role>
    </associatedParty>
    <associatedParty>
    <individualName>
<givenName>Alison</givenName>        <surName>Davis Rabosky</surName>
    </individualName>
<organizationName>University of Michigan Museum of Zoology</organizationName><positionName>Research Faculty and Assistant Curator</positionName>    <address>
<deliveryPoint>1109 Geddes Ave., Room 1089 Ruthven</deliveryPoint><city>Ann Arbor</city><administrativeArea>MI</administrativeArea><postalCode>48109</postalCode><country>UNITED_STATES</country>    </address>
<phone>+01 734-763-8694</phone><electronicMailAddress>ardr@umich.edu</electronicMailAddress><onlineUrl>http://www.lsa.umich.edu/ummz/default.asp</onlineUrl>    <role>CONTENT_PROVIDER</role>
    </associatedParty>
    <associatedParty>
    <individualName>
<givenName>Larry</givenName>        <surName>Gall</surName>
    </individualName>
<organizationName>Yale Peabody Museum</organizationName><positionName>Head, Computer Systems Office</positionName>    <address>
<deliveryPoint>170 Whitney Avenue</deliveryPoint><city>New Haven</city><administrativeArea>CT</administrativeArea><postalCode>06511</postalCode><country>UNITED_STATES</country>    </address>
<phone>203-432-9892</phone><electronicMailAddress>lawrence.gall@yale.edu</electronicMailAddress><onlineUrl>http://www.peabody.yale.edu</onlineUrl>    <role>CONTENT_PROVIDER</role>
    </associatedParty>
    <associatedParty>
    <individualName>
<givenName>Stevan</givenName>        <surName>Arnold</surName>
    </individualName>
<organizationName>Oregon State University</organizationName><positionName>Curator of Amphibians and Reptiles</positionName>    <address>
<deliveryPoint>Department of Integrative Biology</deliveryPoint><city>Corvallis</city><administrativeArea>OR</administrativeArea><postalCode>97331</postalCode><country>UNITED_STATES</country>    </address>
<phone>+01 541-737-3705</phone><electronicMailAddress>arnolds@bcc.orst.edu</electronicMailAddress><onlineUrl>http://people.oregonstate.edu/~arnoldst/</onlineUrl>    <role>CONTENT_PROVIDER</role>
    </associatedParty>
    <associatedParty>
    <individualName>
<givenName>Krista</givenName>        <surName>Fahy</surName>
    </individualName>
<organizationName>Santa Barbara Museum of Natural History</organizationName><positionName>Associate Curator</positionName>    <address>
<deliveryPoint>2559 Puesta del Sol</deliveryPoint><city>Santa Barbara</city><administrativeArea>CA</administrativeArea><postalCode>93105</postalCode>    </address>
<phone>+01 805-682-4711 (155)</phone><electronicMailAddress>kfahy@sbnature2.org</electronicMailAddress><onlineUrl>http://www.sbnature.org/</onlineUrl>    <role>CONTENT_PROVIDER</role>
    </associatedParty>
    <associatedParty>
    <individualName>
<givenName>Ken-ichi</givenName>        <surName>Ueda</surName>
    </individualName>
<organizationName>iNaturalist.org</organizationName><positionName>Co-director</positionName>    <address>
<deliveryPoint>55 Music Concourse Dr., Golden Gate Park</deliveryPoint><city>San Francsico</city><administrativeArea>CA</administrativeArea><postalCode>94118</postalCode><country>UNITED_STATES</country>    </address>
<electronicMailAddress>kueda@inaturalist.org</electronicMailAddress><onlineUrl>http://www.inaturalist.org/people/kueda</onlineUrl>    <role>CONTENT_PROVIDER</role>
    </associatedParty>
    <associatedParty>
    <individualName>
<givenName>Christy</givenName>        <surName>McCain</surName>
    </individualName>
<organizationName>University of Colorado Museum of Natural History</organizationName><positionName>Curator of Vertebrate Zoology</positionName>    <address>
<deliveryPoint>Henderson Building, 15th and Broadway</deliveryPoint><city>Boulder</city><administrativeArea>CO</administrativeArea><postalCode>80309</postalCode><country>UNITED_STATES</country>    </address>
<phone>303-735-1016</phone><electronicMailAddress>christy.mccain@colorado.edu</electronicMailAddress><onlineUrl>http://cumuseum.colorado.edu/</onlineUrl>    <role>CONTENT_PROVIDER</role>
    </associatedParty>
      <pubDate>
      2017-03-27
      </pubDate>
    <language>ENGLISH</language>
    <abstract>
        <para>A dataset containing all occurrences available in GBIF matching the query:
TaxonKey: Sceloporus occidentalis Baird &amp; Girard, 1852
The dataset includes records from the following constituent datasets. The full metadata for each constituent is also included in this archive:
1 records from Zoology (Museum of Evolution - Uppsala)
1 records from Paleobiology Database
1 records from Naturalis Biodiversity Center (NL) - Cainozoic Mollusca
1 records from Naturalis Biodiversity Center (NL) - Chelicerata and Myriapoda
1 records from Northern Territory Museum and Art Gallery provider for OZCAM
1 records from Museum Victoria provider for OZCAM
1 records from Naturalis Biodiversity Center (NL) - Amphibia and Reptilia
1 records from The Herpetology Collection at the Staatliches Museum für Naturkunde Stuttgart
1 records from Herpetology Collection
2 records from Georgia Southern University - Savannah Science Museum Herpetology Collection
3 records from The reptiles, amphibians and fishes collection (ZA) in the Comparative Anatomy Collection of the Muséum national d&apos;Histoire naturelle (MNHN - Paris)
3 records from Angelo State Natural History Collections (ASNHC) - Herpetology Collection
3 records from Zoological Museum Amsterdam, University of Amsterdam (NL) – Herpetology
3 records from Colección Herpetológica del Museo de Zoología &quot;Alfonso L. Herrera&quot;, México (MZFC, UNAM)
4 records from Fundación Miguel Lillo - Colección Herpetológica
4 records from Herpetology Collection - Royal Ontario Museum
4 records from Bernice P. Bishop Museum
5 records from Collection Herpetologie - SNSD
6 records from LSUMZ Herp Tissues
6 records from Queensland Museum provider for OZCAM
6 records from RBINS DaRWIN
7 records from Ohio State University Tetrapod Division - Reptile Collection (OSUM)
7 records from Actualización de la base de datos de la colección nacional de anfibios y reptiles (CNAR)
7 records from South Australian Museum Australia provider for OZCAM
9 records from naturgucker
11 records from FHSM Herps Collection
13 records from The reptiles and amphibians collection (RA) of the Muséum national d&apos;Histoire Naturelle (MNHN - Paris)
14 records from Cowan Tetrapod Collection - Herpetology
17 records from MSUM Ichthyology and Herpetology Collections
18 records from CHAS Herpetology
18 records from Coleccion de Herpetologia, MZFC-UNAM
23 records from NCSM Herpetology Collection
27 records from HSU Vertebrate Museum Reptile Collection
31 records from Reptile Specimens
32 records from UTEP Vertebrates
34 records from University of California Museum of Paleontology
36 records from MPM Herpetology
40 records from Natural History Museum (London) Collection Specimens
46 records from Base de datos de la colección herpetológica de la Facultad de Ciencias de la Universidad Autónoma de Baja California
48 records from Vertebrate Zoology Division - Herpetology, Yale Peabody Museum
57 records from Formación de una base de datos y elaboración de un atlas de la herpetofauna de México
76 records from LSUMZ Herps Collection
77 records from UWBM Herpetology Collection (Arctos)
78 records from Biodiversity Research and Teaching Collections - TCWC Vertebrates
83 records from TNHC Herpetology Collection
89 records from CUMV Reptile Collection (Arctos)
93 records from UTA Herpetology
95 records from SBMNH Vertebrate Zoology
112 records from UAZ Herpetology Collection
119 records from NatureServe Network Species Occurrence Data
125 records from Field Museum of Natural History (Zoology) Amphibian and Reptile Collection
128 records from UCM Amphibian and Reptile Collection (Arctos)
135 records from Herpetology
173 records from Museum of Comparative Zoology, Harvard University
200 records from CM Herps Collection
225 records from Herps Specimens
226 records from PSM Vertebrates Collection
239 records from AMNH Herpetology Collections
337 records from UNR Herpetology
398 records from KUBI Herpetology Collection
464 records from Oregon State University Herpetological Collection
527 records from BYU Herpetology Collection
558 records from UMMZ Herpetology Collection
1009 records from NMNH Extant Specimen and Observation Records
1385 records from CCBER Herpetology Collection
1823 records from SDNHM Herpetology Collection
4304 records from LACM Vertebrate Collection
5975 records from MVZ Herp Collection (Arctos)
6145 records from CAS Herpetology (HERP)
6349 records from iNaturalist Research-grade Observations
</para>
    </abstract>
      <contact>
    <individualName>
        <surName>GBIF Download Service</surName>
    </individualName>
<electronicMailAddress>support@gbif.org</electronicMailAddress>      </contact>

</dataset>

<additionalMetadata>
    <metadata>
      <gbif>
        <dateStamp>2017-03-26T22:50:52Z</dateStamp>
      <citation identifier="10.15468/dl.3xww9o">GBIF Occurrence Download 10.15468/dl.3xww9o</citation>
              <physical>
                  <objectName></objectName>
                  <characterEncoding>UTF-8</characterEncoding>
                  <dataFormat>
                      <externallyDefinedFormat>
                          <formatName>Darwin Core Archive</formatName>
                      </externallyDefinedFormat>
                  </dataFormat>
                  <distribution>
                      <online>
                          <url function="download">http://api.gbif.org/v1/occurrence/download/request/0073767-160910150852091.zip</url>
                      </online>
                  </distribution>
              </physical>
        </gbif>
    </metadata>
</additionalMetadata>

</eml:eml>
