<?xml version="1.0" encoding="utf-8"?>
<eml:eml xmlns:eml="eml://ecoinformatics.org/eml-2.1.1" xmlns:xsi="http://www.w3.org/2001/XMLSchema-instance"
         xsi:schemaLocation="eml://ecoinformatics.org/eml-2.1.1 http://rs.gbif.org/schema/eml-gbif-profile/1.1/eml.xsd"
        packageId="49c45996-3726-468e-be35-eb37cb5b8e45"  system="http://gbif.org" scope="system"
  xml:lang="en">

<dataset>
      <alternateIdentifier>doi:10.15468/ef6frs</alternateIdentifier>
        <alternateIdentifier>http://ipt.vertnet.org:8080/ipt/resource?r=mpm_herps</alternateIdentifier>
        <alternateIdentifier>http://ipt.vertnet.org:8080/ipt/resource.do?r=mpm_herps</alternateIdentifier>
        <alternateIdentifier>49c45996-3726-468e-be35-eb37cb5b8e45</alternateIdentifier>
        <alternateIdentifier>14189</alternateIdentifier>
    <title>MPM Herpetology</title>
    <creator>
    <individualName>
<givenName>Laura</givenName>        <surName>Russell</surName>
    </individualName>
<organizationName>VertNet</organizationName><positionName>VertNet Programmer</positionName>    <address>
<country>UNITED_STATES</country>    </address>
<electronicMailAddress>larussell@vertnet.org</electronicMailAddress>    </creator>
    <metadataProvider>
    <individualName>
<givenName>Carol</givenName>        <surName>Spencer</surName>
    </individualName>
<organizationName>Museum of Vertebrate Zoology at Berkeley</organizationName><positionName>Staff Curator</positionName>    <address>
<deliveryPoint>3101 Valley Life Sciences Building</deliveryPoint><city>Berkeley</city><administrativeArea>CA</administrativeArea><postalCode>94720</postalCode><country>UNITED_STATES</country>    </address>
<phone>+01 510-643-5778</phone><electronicMailAddress>atrox@berkeley.edu</electronicMailAddress>    </metadataProvider>
    <associatedParty>
    <individualName>
<givenName>Laura</givenName>        <surName>Russell</surName>
    </individualName>
<organizationName>VertNet</organizationName><positionName>VertNet Programmer</positionName><electronicMailAddress>larussell@vertnet.org</electronicMailAddress>    <role>PROGRAMMER</role>
    </associatedParty>
    <associatedParty>
    <individualName>
<givenName>David</givenName>        <surName>Bloom</surName>
    </individualName>
<organizationName>VertNet</organizationName><positionName>VertNet Coordinator</positionName><electronicMailAddress>dbloom@vertnet.org</electronicMailAddress>    <role>PROGRAMMER</role>
    </associatedParty>
    <associatedParty>
    <individualName>
<givenName>John</givenName>        <surName>Wieczorek</surName>
    </individualName>
<organizationName>Museum of Vertebrate Zoology at Berkeley</organizationName><positionName>Information Architect</positionName><electronicMailAddress>tuco@berkeley.edu</electronicMailAddress>    <role>PROGRAMMER</role>
    </associatedParty>
    <associatedParty>
    <individualName>
<givenName>Robert</givenName>        <surName>Henderson</surName>
    </individualName>
<organizationName>Milwaukee Public Museum</organizationName><positionName>Vertebrate Zoology Curator</positionName>    <address>
<deliveryPoint>800 West Wells Street</deliveryPoint><city>Milwaukee</city><administrativeArea>WI</administrativeArea><postalCode>53233-1478</postalCode><country>UNITED_STATES</country>    </address>
<phone>+01 414 278 2775</phone><electronicMailAddress>henderson@mpm.edu</electronicMailAddress><onlineUrl>http://www.mpm.edu/</onlineUrl>    <role>PRINCIPAL_INVESTIGATOR</role>
    </associatedParty>
      <pubDate>
      2016-12-22
      </pubDate>
    <language>ENGLISH</language>
    <abstract>
        <para>The Milwaukee Public Museum (MPM) collection contains amphibians and reptiles from around the US, especially the Midwest, and from the West Indies, where retired Curator Robert Henderson still does research.

MPM has collected these animals since the late 1800s to document the tremendous variety of animal life on our planet.

Today, the MPM vertebrate zoologists center their research on the classification, evolution, natural history and ecology of animals with an emphasis on documenting biological diversity.</para>
    </abstract>
        <keywordSet>
              <keyword>Occurrence</keyword>
              <keywordThesaurus>GBIF Dataset Type Vocabulary: http://rs.gbif.org/vocabulary/gbif/dataset_type.xml</keywordThesaurus>
        </keywordSet>
        <keywordSet>
              <keyword>Specimen</keyword>
              <keywordThesaurus>GBIF Dataset Subtype Vocabulary: http://rs.gbif.org/vocabulary/gbif/dataset_subtype.xml</keywordThesaurus>
        </keywordSet>
      <additionalInfo>
          <para>http://vertnet.org/resources/norms.html</para>
      </additionalInfo>
      <intellectualRights>
        <para>To the extent possible under law, the publisher has waived all rights to these data and has dedicated them to the <ulink url="http://creativecommons.org/publicdomain/zero/1.0/legalcode"><citetitle>Public Domain (CC0 1.0)</citetitle></ulink>. Users may copy, modify, distribute and use the work, including for commercial purposes, without restriction.</para>
      </intellectualRights>
      <maintenance>
          <description>
              <para></para>
          </description>
          <maintenanceUpdateFrequency>unkown</maintenanceUpdateFrequency>
      </maintenance>
      <contact>
    <individualName>
<givenName>Julia</givenName>        <surName>Colby</surName>
    </individualName>
<organizationName>Milwaukee Public Museum</organizationName><positionName>Vertebrate &amp; Invertebrate Zoology Collections Manager</positionName>    <address>
<deliveryPoint>800 West Wells</deliveryPoint><city>Milwaukee</city><administrativeArea>WI</administrativeArea><postalCode>53233</postalCode><country>UNITED_STATES</country>    </address>
<phone>+01 414-278-2760</phone><electronicMailAddress>colby@mpm.edu</electronicMailAddress>      </contact>

</dataset>

<additionalMetadata>
    <metadata>
      <gbif>
        <dateStamp>2017-03-26T22:50:49Z</dateStamp>
      <citation>Milwaukee Public Museum</citation>
        </gbif>
    </metadata>
</additionalMetadata>

</eml:eml>
