<?xml version="1.0" encoding="utf-8"?>
<eml:eml xmlns:eml="eml://ecoinformatics.org/eml-2.1.1" xmlns:xsi="http://www.w3.org/2001/XMLSchema-instance"
         xsi:schemaLocation="eml://ecoinformatics.org/eml-2.1.1 http://rs.gbif.org/schema/eml-gbif-profile/1.1/eml.xsd"
        packageId="71d0dff0-f762-11e1-a439-00145eb45e9a"  system="http://gbif.org" scope="system"
  xml:lang="en">

<dataset>
      <alternateIdentifier>doi:10.15468/jfkgyh</alternateIdentifier>
        <alternateIdentifier>http://ipt.vertnet.org:8080/ipt/resource?r=amnh_herps</alternateIdentifier>
        <alternateIdentifier>http://ipt.vertnet.org:8080/ipt/resource.do?r=amnh_herps</alternateIdentifier>
        <alternateIdentifier>71d0dff0-f762-11e1-a439-00145eb45e9a</alternateIdentifier>
        <alternateIdentifier>9103</alternateIdentifier>
    <title>AMNH Herpetology Collections</title>
    <creator>
    <individualName>
<givenName>David</givenName>        <surName>Dickey</surName>
    </individualName>
<organizationName>American Museum of Natural History</organizationName><positionName>Sr. Scientific Asst.</positionName>    <address>
<deliveryPoint>Central Park West at 79th Street</deliveryPoint><city>New York</city><administrativeArea>NY</administrativeArea><postalCode>10024</postalCode><country>UNITED_STATES</country>    </address>
<phone>+01 212-313-7783</phone><electronicMailAddress>dickey@amnh.org</electronicMailAddress><onlineUrl>http://www.amnh.org/</onlineUrl>    </creator>
    <metadataProvider>
    <individualName>
<givenName>David</givenName>        <surName>Dickey</surName>
    </individualName>
<organizationName>American Museum of Natural History</organizationName><positionName>Sr. Scientific Asst.</positionName>    <address>
<deliveryPoint>Central Park West at 79th Street</deliveryPoint><city>New York</city><administrativeArea>NY</administrativeArea><postalCode>10024</postalCode><country>UNITED_STATES</country>    </address>
<phone>+01 212-313-7783</phone><electronicMailAddress>dickey@amnh.org</electronicMailAddress><onlineUrl>http://www.amnh.org/</onlineUrl>    </metadataProvider>
    <associatedParty>
    <individualName>
<givenName>Laura</givenName>        <surName>Russell</surName>
    </individualName>
<organizationName>VertNet</organizationName><positionName>VertNet Programmer</positionName><electronicMailAddress>larussell@vertnet.org</electronicMailAddress><onlineUrl>http://www.vertnet.org</onlineUrl>    <role>PROGRAMMER</role>
    </associatedParty>
    <associatedParty>
    <individualName>
<givenName>David</givenName>        <surName>Bloom</surName>
    </individualName>
<organizationName>VertNet</organizationName><positionName>VertNet Coordinator</positionName><electronicMailAddress>dbloom@vertnet.org</electronicMailAddress><onlineUrl>http://www.vertnet.org</onlineUrl>    <role>PROGRAMMER</role>
    </associatedParty>
    <associatedParty>
    <individualName>
<givenName>John</givenName>        <surName>Wieczorek</surName>
    </individualName>
<organizationName>Museum of Vertebrate Zoology at UC Berkeley</organizationName><positionName>Information Architect</positionName><electronicMailAddress>tuco@berkeley.edu</electronicMailAddress>    <role>PROGRAMMER</role>
    </associatedParty>
    <associatedParty>
    <individualName>
<givenName>Christopher</givenName>        <surName>Raxworthy</surName>
    </individualName>
<organizationName>American Museum of Natural History</organizationName><positionName>Associate Dean and Curator-in-Charge</positionName>    <address>
<deliveryPoint>Central Park West @ 79th Street</deliveryPoint><city>New York</city><administrativeArea>New York</administrativeArea><postalCode>10024</postalCode><country>UNITED_STATES</country>    </address>
<phone>212-769-5802</phone><electronicMailAddress>rax@amnh.org</electronicMailAddress>    <role>CONTENT_PROVIDER</role>
    </associatedParty>
    <associatedParty>
    <individualName>
<givenName>David</givenName>        <surName>Kizirian</surName>
    </individualName>
<organizationName>American Museum of Natural History</organizationName><positionName>Curatorial Associate</positionName>    <address>
<deliveryPoint>Central Park West at 79th Street</deliveryPoint><city>New York</city><administrativeArea>NY</administrativeArea><postalCode>10024</postalCode><country>UNITED_STATES</country>    </address>
<phone>+01 212-769-5857</phone><electronicMailAddress>kizirian@amnh.org</electronicMailAddress><onlineUrl>http://www.amnh.org/</onlineUrl>    <role>CONTENT_PROVIDER</role>
    </associatedParty>
      <pubDate>
      2016-12-22
      </pubDate>
    <language>ENGLISH</language>
    <abstract>
        <para>The AMNH collection of amphibians and reptiles ranks among the world&amp;#39;s five largest herpetological collections. The separately catalogued collections of amphibians and reptiles total more than 335,000 specimens, of which more than 13,000 have more than one type of preparation. The holdings of the Herpetology collection are computerized; however, inventorying the collection and proofing the database are ongoing processes. The Herpetology collection may be thought of as an ever-growing library of the world&amp;#39;s amphibian and reptile faunas. It is an irreplaceable international resource that deserves the best of care.</para>
    </abstract>
        <keywordSet>
              <keyword>Occurrence</keyword>
              <keywordThesaurus>GBIF Dataset Type Vocabulary: http://rs.gbif.org/vocabulary/gbif/dataset_type.xml</keywordThesaurus>
        </keywordSet>
        <keywordSet>
              <keyword>Specimen</keyword>
              <keywordThesaurus>GBIF Dataset Subtype Vocabulary: http://rs.gbif.org/vocabulary/gbif/dataset_subtype.xml</keywordThesaurus>
        </keywordSet>
      <intellectualRights>
        <para>To the extent possible under law, the publisher has waived all rights to these data and has dedicated them to the <ulink url="http://creativecommons.org/publicdomain/zero/1.0/legalcode"><citetitle>Public Domain (CC0 1.0)</citetitle></ulink>. Users may copy, modify, distribute and use the work, including for commercial purposes, without restriction.</para>
      </intellectualRights>
      <distribution scope="document">
          <online>
              <url function="information">http://www.amnh.org/our-research/vertebrate-zoology/herpetology</url>
          </online>
      </distribution>
      <coverage>
            <geographicCoverage>
                  <geographicDescription>The scope of the Herpetology collection is global. Aside from the United States, areas especially well represented include Mexico, Panama, much of South America, Africa, Madagascar, Pakistan, China, New Guinea, Australia, and the Pacific Islands.</geographicDescription>
                  <boundingCoordinates>
                      <westBoundingCoordinate>-180</westBoundingCoordinate>
                      <eastBoundingCoordinate>180</eastBoundingCoordinate>
                      <northBoundingCoordinate>90</northBoundingCoordinate>
                      <southBoundingCoordinate>-90</southBoundingCoordinate>
                  </boundingCoordinates>
            </geographicCoverage>
          <temporalCoverage>
            <rangeOfDates>
              <beginDate>
                <calendarDate>      1815-01-01
</calendarDate>
              </beginDate>
              <endDate>
                <calendarDate>      2014-04-16
</calendarDate>
              </endDate>
            </rangeOfDates>
          </temporalCoverage>
              <taxonomicCoverage>
                    <generalTaxonomicCoverage>The collection covers a very broad taxonomic range. All living orders and families of the Amphibia and Reptilia are represented, as are about 80% of the genera. The collection contains over 6,900 species representing roughly 58% of the world&apos;s described herpetofauna. On average, 76 species names per year (range 20-171) have been added to the Herpetology files over the past 40 years, with approximately 2,970 species or 25% of the world&apos;s estimated 12,000 amphibians and reptiles having been added in a little over a quarter century.</generalTaxonomicCoverage>
                    <taxonomicClassification>
                          <taxonRankName>Class</taxonRankName>
                        <taxonRankValue>Reptilia</taxonRankValue>
                          <commonName>reptiles</commonName>
                    </taxonomicClassification>
                    <taxonomicClassification>
                          <taxonRankName>Class</taxonRankName>
                        <taxonRankValue>Amphibia</taxonRankValue>
                          <commonName>amphibians</commonName>
                    </taxonomicClassification>
              </taxonomicCoverage>
      </coverage>
      <maintenance>
          <description>
              <para></para>
          </description>
          <maintenanceUpdateFrequency>unkown</maintenanceUpdateFrequency>
      </maintenance>
      <contact>
    <individualName>
<givenName>David</givenName>        <surName>Dickey</surName>
    </individualName>
<organizationName>American Museum of Natural History</organizationName><positionName>Sr. Scientific Asst.</positionName>    <address>
<deliveryPoint>Central Park West at 79th Street</deliveryPoint><city>New York</city><administrativeArea>NY</administrativeArea><postalCode>10024</postalCode><country>UNITED_STATES</country>    </address>
<phone>+01 212-313-7783</phone><electronicMailAddress>dickey@amnh.org</electronicMailAddress><onlineUrl>http://www.amnh.org/</onlineUrl>      </contact>

</dataset>

<additionalMetadata>
    <metadata>
      <gbif>
        <dateStamp>2017-03-26T22:50:44Z</dateStamp>
      <citation>AMNH Herpetology Collection</citation>
        </gbif>
    </metadata>
</additionalMetadata>

</eml:eml>
