<?xml version="1.0" encoding="utf-8"?>
<eml:eml xmlns:eml="eml://ecoinformatics.org/eml-2.1.1" xmlns:xsi="http://www.w3.org/2001/XMLSchema-instance"
         xsi:schemaLocation="eml://ecoinformatics.org/eml-2.1.1 http://rs.gbif.org/schema/eml-gbif-profile/1.1/eml.xsd"
        packageId="8138eb72-f762-11e1-a439-00145eb45e9a"  system="http://gbif.org" scope="system"
  xml:lang="en">

<dataset>
      <alternateIdentifier>doi:10.15468/qxy4mc</alternateIdentifier>
        <alternateIdentifier>http://ipt.biodiversity.be/resource?r=rbinscollections</alternateIdentifier>
        <alternateIdentifier>8138eb72-f762-11e1-a439-00145eb45e9a</alternateIdentifier>
        <alternateIdentifier>13690</alternateIdentifier>
    <title>RBINS DaRWIN</title>
    <creator>
    <individualName>
        <surName>Darwin ICT</surName>
    </individualName>
<organizationName>Royal Belgian Institute of Natural Sciences</organizationName>    <address>
<deliveryPoint>Rue Vautier straat, 29</deliveryPoint><city>Bruxelles/Brussels</city><postalCode>1000</postalCode><country>BELGIUM</country>    </address>
<electronicMailAddress>darwin-ict@naturalsciences.be</electronicMailAddress>    </creator>
    <metadataProvider>
    <individualName>
<givenName>André</givenName>        <surName>Heughebaert</surName>
    </individualName>
<organizationName>Belgian Biodiversity Platform</organizationName><positionName>Node Manager</positionName>    <address>
<country>BELGIUM</country>    </address>
<electronicMailAddress>a.heughebaert@biodiversity.be</electronicMailAddress>      <userId directory="http://orcid.org/">0000-0002-7839-5300</userId>
    </metadataProvider>
    <associatedParty>
    <individualName>
<givenName>André</givenName>        <surName>Heughebaert</surName>
    </individualName>
<electronicMailAddress>aheugheb@ulb.ac.be</electronicMailAddress>    <role>USER</role>
    </associatedParty>
      <pubDate>
      2017-02-22
      </pubDate>
    <language>ENGLISH</language>
    <abstract>
        <para>The Royal Belgian Institute of Natural Sciences houses a precious collection of zoological, anthropological, paleontological, mineralogical and geological materials and data. The renowned Iguanodons from Bernissart, ambassadors of the Belgian science institute in Brussels, represent a natural history collection currently estimated to hold over 37 million specimens. The roots of the present day collection reach far back in history. It evolved from the Natural History collection of Karel of Lotharingen, governor of The Netherlands (1712-1780) and was part of didactic materials owned by the Central School of the City of Brussels. After the independence of Belgium, the City of Brussels donated the collection to the Belgian Government and became part of the autonomous Royal Natural History Museum in 1846, known as the Royal Belgian Institute of Natural Sciences since 1948. Fieldwork by researchers and collaborators, in Belgium and abroad, donations and purchases have been expanding the assets ever since. Data presented here are coming from the darwin database, the collection management tool of the RBINS. Today, the darwin database manages information on about 350.000 specimens stored in the institute&amp;#39;s depositories. This number rises on a daily basis thanks to the continued efforts of curators and their adjuncts that are responsible for maintaining the stored specimens and information. Our online database provides information about the collections of the Vertebrates, Invertebrates, Entomology and Paleobotany. The application will soon be expanded with paleontozoological data. The Department of Geology and the Department of Marine Ecosystems provide information on different systems. More information on these departments can be found on www.sciencesnaturelles.be/institute/structure/geology/gsb_website and www.mumm.ac.be The corner stone of the darwin database is the specimen and the information about its origin and its status. Although the status of the specimens sollow the current regulations of the International Code on Zoological Nomenclature other status specifications not treated by the ICZN regulations (eg. topotype) have been maintained as supplementary information about the specimen(s) in question. Enjoy your virtual visit through our collections!</para>
    </abstract>
        <keywordSet>
              <keyword>Occurrence</keyword>
              <keywordThesaurus>GBIF Dataset Type Vocabulary: http://rs.gbif.org/vocabulary/gbif/dataset_type.xml</keywordThesaurus>
        </keywordSet>
        <keywordSet>
              <keyword>Specimen</keyword>
              <keywordThesaurus>GBIF Dataset Subtype Vocabulary: http://rs.gbif.org/vocabulary/gbif/dataset_subtype.xml</keywordThesaurus>
        </keywordSet>
      <intellectualRights>
        <para>This work is licensed under a <ulink url="http://creativecommons.org/licenses/by-nc/4.0/legalcode"><citetitle>Creative Commons Attribution Non Commercial (CC-BY-NC) 4.0 License</citetitle></ulink>.</para>
      </intellectualRights>
      <distribution scope="document">
          <online>
              <url function="information">http://darwin.naturalsciences.be/</url>
          </online>
      </distribution>
      <maintenance>
          <description>
              <para></para>
          </description>
          <maintenanceUpdateFrequency>unkown</maintenanceUpdateFrequency>
      </maintenance>
      <contact>
    <individualName>
<givenName>Johnny</givenName>        <surName>Rymenans</surName>
    </individualName>
<organizationName>Royal Belgian Institute of Natural Sciences</organizationName>    <address>
<deliveryPoint>Rue Vautier straat, 29</deliveryPoint><city>Bruxelles/Brussels</city><postalCode>1000</postalCode><country>BELGIUM</country>    </address>
<electronicMailAddress>jrymenans@naturalsciences.be</electronicMailAddress>      </contact>

</dataset>

<additionalMetadata>
    <metadata>
      <gbif>
        <dateStamp>2017-03-26T22:50:47Z</dateStamp>
      <citation>Royal Belgian Institute of Natural Sciences: RBINS DaRWIN</citation>
              <resourceLogoUrl>http://ipt.biodiversity.be/logo.do?r=rbinscollections</resourceLogoUrl>
        </gbif>
    </metadata>
</additionalMetadata>

</eml:eml>
