<?xml version="1.0" encoding="utf-8"?>
<eml:eml xmlns:eml="eml://ecoinformatics.org/eml-2.1.1" xmlns:xsi="http://www.w3.org/2001/XMLSchema-instance"
         xsi:schemaLocation="eml://ecoinformatics.org/eml-2.1.1 http://rs.gbif.org/schema/eml-gbif-profile/1.1/eml.xsd"
        packageId="83713818-f762-11e1-a439-00145eb45e9a"  system="http://gbif.org" scope="system"
  xml:lang="en">

<dataset>
      <alternateIdentifier>doi:10.15468/74ijg4</alternateIdentifier>
        <alternateIdentifier>274</alternateIdentifier>
    <title>Herps Specimens</title>
    <associatedParty>
<positionName>Curator</positionName><electronicMailAddress>chrisp@inhs.uiuc.edu</electronicMailAddress>    </associatedParty>
    <associatedParty>
<positionName>UNIX System Administrator</positionName><electronicMailAddress>divine@inhs.uiuc.edu</electronicMailAddress>    </associatedParty>
    <language>en</language>
    <abstract>
        <para>Specimen data for herps</para>
    </abstract>
      <intellectualRights>
        <para>To the extent possible under law, the publisher has waived all rights to these data and has dedicated them to the <ulink url="http://creativecommons.org/publicdomain/zero/1.0/legalcode"><citetitle>Public Domain (CC0 1.0)</citetitle></ulink>. Users may copy, modify, distribute and use the work, including for commercial purposes, without restriction.</para>
      </intellectualRights>
      <distribution scope="document">
          <online>
              <url function="information">http://www.inhs.uiuc.edu/cbd/collections/amprep/amprepintro.html</url>
          </online>
      </distribution>

</dataset>

<additionalMetadata>
    <metadata>
      <gbif>
        <dateStamp>2017-03-26T22:50:49Z</dateStamp>
      <citation>INHS Herps Collection</citation>
        </gbif>
    </metadata>
</additionalMetadata>

</eml:eml>
