<?xml version="1.0" encoding="utf-8"?>
<eml:eml xmlns:eml="eml://ecoinformatics.org/eml-2.1.1" xmlns:xsi="http://www.w3.org/2001/XMLSchema-instance"
         xsi:schemaLocation="eml://ecoinformatics.org/eml-2.1.1 http://rs.gbif.org/schema/eml-gbif-profile/1.1/eml.xsd"
        packageId="847f5564-f762-11e1-a439-00145eb45e9a"  system="http://gbif.org" scope="system"
  xml:lang="en">

<dataset>
      <alternateIdentifier>doi:10.15468/rlxnef</alternateIdentifier>
        <alternateIdentifier>560</alternateIdentifier>
    <title>Coleccion de Herpetologia, MZFC-UNAM</title>
    <associatedParty>
<electronicMailAddress>ochoal@ciencias.unam.mx</electronicMailAddress>    <role>TECHNICAL_POINT_OF_CONTACT</role>
    </associatedParty>
    <language>en</language>
    <abstract>
        <para></para>
    </abstract>
      <intellectualRights>
        <para>This work is licensed under a <ulink url="http://creativecommons.org/licenses/by-nc/4.0/legalcode"><citetitle>Creative Commons Attribution Non Commercial (CC-BY-NC) 4.0 License</citetitle></ulink>.</para>
      </intellectualRights>
      <contact>
<electronicMailAddress>ofv@hp.fciencias.unam.mx</electronicMailAddress>      </contact>

</dataset>

<additionalMetadata>
    <metadata>
      <gbif>
        <dateStamp>2017-03-26T22:50:44Z</dateStamp>
      <citation>Coleccion de Herpetologia, Museo de Zoologia de la Facultad de Ciencias, UNAM, México.</citation>
        </gbif>
    </metadata>
</additionalMetadata>

</eml:eml>
