<?xml version="1.0" encoding="utf-8"?>
<eml:eml xmlns:eml="eml://ecoinformatics.org/eml-2.1.1" xmlns:xsi="http://www.w3.org/2001/XMLSchema-instance"
         xsi:schemaLocation="eml://ecoinformatics.org/eml-2.1.1 http://rs.gbif.org/schema/eml-gbif-profile/1.1/eml.xsd"
        packageId="86594bf6-f762-11e1-a439-00145eb45e9a"  system="http://gbif.org" scope="system"
  xml:lang="en">

<dataset>
      <alternateIdentifier>doi:10.15468/2wlj2m</alternateIdentifier>
        <alternateIdentifier>1898</alternateIdentifier>
    <title>Herpetology</title>
    <associatedParty>
<positionName>Biodiversity Database Programmer</positionName><phone>215-299-1177</phone><electronicMailAddress>bdim@ansp.org</electronicMailAddress>    </associatedParty>
    <language>en</language>
    <abstract>
        <para></para>
    </abstract>
      <intellectualRights>
        <para>This work is licensed under a <ulink url="http://creativecommons.org/licenses/by/4.0/legalcode"><citetitle>Creative Commons Attribution (CC-BY) 4.0 License</citetitle></ulink>.</para>
      </intellectualRights>

</dataset>

<additionalMetadata>
    <metadata>
      <gbif>
        <dateStamp>2017-03-26T22:50:45Z</dateStamp>
      <citation>Academy of Natural Sciences: Herpetology</citation>
        </gbif>
    </metadata>
</additionalMetadata>

</eml:eml>
