<?xml version="1.0" encoding="utf-8"?>
<eml:eml xmlns:eml="eml://ecoinformatics.org/eml-2.1.1" xmlns:xsi="http://www.w3.org/2001/XMLSchema-instance"
         xsi:schemaLocation="eml://ecoinformatics.org/eml-2.1.1 http://rs.gbif.org/schema/eml-gbif-profile/1.1/eml.xsd"
        packageId="865ba536-f762-11e1-a439-00145eb45e9a"  system="http://gbif.org" scope="system"
  xml:lang="en">

<dataset>
      <alternateIdentifier>doi:10.15468/h3equb</alternateIdentifier>
        <alternateIdentifier>1901</alternateIdentifier>
    <title>Herpetology Collection</title>
    <associatedParty>
<phone>+1 706-542-1663</phone><electronicMailAddress>musinfo@uga.edu</electronicMailAddress>    <role>TECHNICAL_POINT_OF_CONTACT</role>
    </associatedParty>
    <language>en</language>
    <abstract>
        <para></para>
    </abstract>
      <intellectualRights>
        <para>To the extent possible under law, the publisher has waived all rights to these data and has dedicated them to the <ulink url="http://creativecommons.org/publicdomain/zero/1.0/legalcode"><citetitle>Public Domain (CC0 1.0)</citetitle></ulink>. Users may copy, modify, distribute and use the work, including for commercial purposes, without restriction.</para>
      </intellectualRights>
      <distribution scope="document">
          <online>
              <url function="information">http://museum.nhm.uga.edu/</url>
          </online>
      </distribution>
      <contact>
<phone>+1 706-542-1663</phone><electronicMailAddress>musinfo@uga.edu</electronicMailAddress>      </contact>
      <contact>
<electronicMailAddress>musinfo@uga.edu</electronicMailAddress>      </contact>

</dataset>

<additionalMetadata>
    <metadata>
      <gbif>
        <dateStamp>2017-03-26T22:50:50Z</dateStamp>
      <citation>Georgia Museum of Natural History (GMNH): Herpetology Collection</citation>
        </gbif>
    </metadata>
</additionalMetadata>

</eml:eml>
