<?xml version="1.0" encoding="utf-8"?>
<eml:eml xmlns:eml="eml://ecoinformatics.org/eml-2.1.1" xmlns:xsi="http://www.w3.org/2001/XMLSchema-instance"
         xsi:schemaLocation="eml://ecoinformatics.org/eml-2.1.1 http://rs.gbif.org/schema/eml-gbif-profile/1.1/eml.xsd"
        packageId="88fab336-f762-11e1-a439-00145eb45e9a"  system="http://gbif.org" scope="system"
  xml:lang="en">

<dataset>
      <alternateIdentifier>doi:10.15468/s04zjd</alternateIdentifier>
        <alternateIdentifier>2496</alternateIdentifier>
    <title>Colección Herpetológica del Museo de Zoología &quot;Alfonso L. Herrera&quot;, México (MZFC, UNAM)</title>
    <associatedParty>
<positionName>Bióloga</positionName><phone>(52) 55-50044966</phone><electronicMailAddress>scareaga@conabio.gob.mx</electronicMailAddress>    </associatedParty>
    <associatedParty>
<positionName>Dr.</positionName><phone>(52) 55-5622-4945</phone><electronicMailAddress>ofv@hp.fciencias.unam.mx</electronicMailAddress>    </associatedParty>
    <language>en</language>
    <abstract>
        <para>La Colección de Anfibios y Reptiles del Museo de Zoología &amp;#34;Alfonso L. Herrera&amp;#34; está representada por especímenes de toda la República Mexicana y algunos de Estados Unidos</para>
    </abstract>
      <intellectualRights>
        <para>This work is licensed under a <ulink url="http://creativecommons.org/licenses/by-nc/4.0/legalcode"><citetitle>Creative Commons Attribution Non Commercial (CC-BY-NC) 4.0 License</citetitle></ulink>.</para>
      </intellectualRights>

</dataset>

<additionalMetadata>
    <metadata>
      <gbif>
        <dateStamp>2017-03-26T22:50:47Z</dateStamp>
      <citation>Colección Herpetológica del Museo de Zoología &quot;Alfonso L. Herrera&quot;, México (MZFC, UNAM)</citation>
        </gbif>
    </metadata>
</additionalMetadata>

</eml:eml>
