<?xml version="1.0" encoding="utf-8"?>
<eml:eml xmlns:eml="eml://ecoinformatics.org/eml-2.1.1" xmlns:xsi="http://www.w3.org/2001/XMLSchema-instance"
         xsi:schemaLocation="eml://ecoinformatics.org/eml-2.1.1 http://rs.gbif.org/schema/eml-gbif-profile/1.1/eml.xsd"
        packageId="8d88898d-a2c4-4616-a1fe-431b9c06b671"  system="http://gbif.org" scope="system"
  xml:lang="en">

<dataset>
      <alternateIdentifier>doi:10.15468/mlehrb</alternateIdentifier>
        <alternateIdentifier>http://ipt.vertnet.org:8080/ipt/resource?r=uta_herps</alternateIdentifier>
        <alternateIdentifier>http://ipt.vertnet.org:8080/ipt/resource.do?r=uta_herps</alternateIdentifier>
        <alternateIdentifier>8d88898d-a2c4-4616-a1fe-431b9c06b671</alternateIdentifier>
        <alternateIdentifier>14139</alternateIdentifier>
    <title>UTA Herpetology</title>
    <creator>
    <individualName>
<givenName>Carol</givenName>        <surName>Spencer</surName>
    </individualName>
<organizationName>Museum of Vertebrate Zoology, UC Berkeley</organizationName><positionName>Staff Curator</positionName>    <address>
<deliveryPoint>3101 Valley Life Sciences Building</deliveryPoint><city>Berkeley</city><administrativeArea>California</administrativeArea><postalCode>94720</postalCode><country>UNITED_STATES</country>    </address>
<phone>510-643-5778</phone><electronicMailAddress>atrox@berkeley.edu</electronicMailAddress><onlineUrl>http://mvz.berkeley.edu/</onlineUrl>    </creator>
    <metadataProvider>
    <individualName>
<givenName>Carol</givenName>        <surName>Spencer</surName>
    </individualName>
<organizationName>Museum of Vertebrate Zoology, UC Berkeley</organizationName><positionName>Staff Curator</positionName>    <address>
<deliveryPoint>3101 Valley Life Sciences Building</deliveryPoint><city>Berkeley</city><administrativeArea>California</administrativeArea><postalCode>94720</postalCode><country>UNITED_STATES</country>    </address>
<phone>510-643-5778</phone><electronicMailAddress>atrox@berkeley.edu</electronicMailAddress><onlineUrl>http://mvz.berkeley.edu/</onlineUrl>    </metadataProvider>
    <associatedParty>
    <individualName>
<givenName>Jonathan</givenName>        <surName>Campbell</surName>
    </individualName>
<organizationName>University of Texas at Arlington</organizationName><positionName>Chairman, Department of Biology, Curator, and Professor</positionName>    <address>
<deliveryPoint>501 S. Nedderman Drive 337 Life Science</deliveryPoint><city>Arlington</city><administrativeArea>Texas</administrativeArea><postalCode>76010-0498</postalCode><country>UNITED_STATES</country>    </address>
<phone>817-272-2871</phone><electronicMailAddress>campbell@uta.edu</electronicMailAddress><onlineUrl>http://www.uta.edu/biology/campbell/</onlineUrl>    <role>PRINCIPAL_INVESTIGATOR</role>
    </associatedParty>
    <associatedParty>
    <individualName>
<givenName>Laura</givenName>        <surName>Russell</surName>
    </individualName>
<organizationName>VertNet</organizationName><positionName>VertNet Programmer</positionName><electronicMailAddress>larussell@vertnet.org</electronicMailAddress>    <role>PROGRAMMER</role>
    </associatedParty>
    <associatedParty>
    <individualName>
<givenName>David</givenName>        <surName>Bloom</surName>
    </individualName>
<organizationName>VertNet</organizationName><positionName>VertNet Coordinator</positionName><electronicMailAddress>dbloom@vertnet.org</electronicMailAddress>    <role>PROGRAMMER</role>
    </associatedParty>
    <associatedParty>
    <individualName>
<givenName>John</givenName>        <surName>Wieczorek</surName>
    </individualName>
<organizationName>Museum of Vertebrate Zoology at Berkeley</organizationName><positionName>Information Architect</positionName><electronicMailAddress>tuco@berkeley.edu</electronicMailAddress>    <role>PROGRAMMER</role>
    </associatedParty>
      <pubDate>
      2016-12-22
      </pubDate>
    <language>ENGLISH</language>
    <abstract>
        <para>University of Texas at Arlington Amphibian and Reptile Diversity Research Center: During the 1980s the herpetological collection witnessed an explosive session of growth.  Prior to the 1980s the collection contained approximately 8,000 herpetological specimens.  By the end of the decade more than 30,000 specimens were housed in the collection.  During the 1990s the size of the collection increased at an almost exponential rate.  During this time, the collection grew to contain more than 80,000 specimens.  This combined with efforts from  faculty and students helped to establish national and international recognition for the collection.  Since the turn of the century the herpetology collection at the University of Texas at Arlington has experienced more growth and the collection now houses some 115,000 specimens and is among the top herpetological collections in the United States.  In 2004 the entire herpetological collection was moved from the basement of the Life Sciences building to the newly constructed Amphibian and Reptile Diversity Research Center.
     Asides from housing a major herpetological collection, the Department of Biology at the  University of Texas at Arlington has hosted and facilitated the academic pursuits of a diverse student body.  This has also provided inherent benefits to the museum collection as well.  The collection currently holds the worlds largest assemblage of reptiles and amphibians from Guatemala as well as significant holdings from Texas, Bolivia, Cameroon, Colombia, Costa Rica, Guyana, Honduras, and Mexico.  Along with several thousand fluid preserved specimens, the collection maintains several type specimens, a sizeable osteological collection, cleared and stained specimens, audio recordings of frog calls, one of the largest collections of herpetological photographs in the United States, as well as a comprehensive herpetological library.  These resources can be made available for use by qualified individuals.  For questions regarding the use of the collection resources please call 817-272-2406.</para>
    </abstract>
        <keywordSet>
              <keyword>Occurrence</keyword>
              <keywordThesaurus>GBIF Dataset Type Vocabulary: http://rs.gbif.org/vocabulary/gbif/dataset_type.xml</keywordThesaurus>
        </keywordSet>
        <keywordSet>
              <keyword>Specimen</keyword>
              <keywordThesaurus>GBIF Dataset Subtype Vocabulary: http://rs.gbif.org/vocabulary/gbif/dataset_subtype.xml</keywordThesaurus>
        </keywordSet>
      <additionalInfo>
          <para>Specific locality and coordinate information is not available online.  Data associated with collections from Guatemala are not available online.  Contact Curator and Collection Manager Carl Franklin for more information.

http://vertnet.org/resources/norms.html</para>
      </additionalInfo>
      <intellectualRights>
        <para>To the extent possible under law, the publisher has waived all rights to these data and has dedicated them to the <ulink url="http://creativecommons.org/publicdomain/zero/1.0/legalcode"><citetitle>Public Domain (CC0 1.0)</citetitle></ulink>. Users may copy, modify, distribute and use the work, including for commercial purposes, without restriction.</para>
      </intellectualRights>
      <distribution scope="document">
          <online>
              <url function="information">http://www.uta.edu/biology/herpetology/</url>
          </online>
      </distribution>
      <coverage>
            <geographicCoverage>
                  <geographicDescription>Latin America: Guatemala and Mexico
Texas Regional Collections
West Africa
Indonesia</geographicDescription>
                  <boundingCoordinates>
                      <westBoundingCoordinate>-180</westBoundingCoordinate>
                      <eastBoundingCoordinate>180</eastBoundingCoordinate>
                      <northBoundingCoordinate>90</northBoundingCoordinate>
                      <southBoundingCoordinate>-90</southBoundingCoordinate>
                  </boundingCoordinates>
            </geographicCoverage>
              <taxonomicCoverage>
                    <generalTaxonomicCoverage>Amphibians and Reptiles</generalTaxonomicCoverage>
                    <taxonomicClassification>
                          <taxonRankName>Class</taxonRankName>
                        <taxonRankValue>Amphibia</taxonRankValue>
                    </taxonomicClassification>
                    <taxonomicClassification>
                          <taxonRankName>Class</taxonRankName>
                        <taxonRankValue>Reptilia</taxonRankValue>
                    </taxonomicClassification>
              </taxonomicCoverage>
      </coverage>
      <maintenance>
          <description>
              <para></para>
          </description>
          <maintenanceUpdateFrequency>unkown</maintenanceUpdateFrequency>
      </maintenance>
      <contact>
    <individualName>
<givenName>Carl</givenName>        <surName>Franklin</surName>
    </individualName>
<organizationName>University of Texas at Arlington Amphibian and Reptile Diversity Research Center</organizationName><positionName>Biological Curator and Collections Manager</positionName>    <address>
<deliveryPoint>501 S. Nedderman 337 Life Sciences</deliveryPoint><city>Arlington</city><administrativeArea>Texas</administrativeArea><postalCode>76010</postalCode><country>UNITED_STATES</country>    </address>
<phone>817-272-2406</phone><electronicMailAddress>franklin@uta.edu</electronicMailAddress><onlineUrl>http://www.uta.edu/biology/herpetology/</onlineUrl>      </contact>

</dataset>

<additionalMetadata>
    <metadata>
      <gbif>
        <dateStamp>2017-03-26T22:50:47Z</dateStamp>
      <citation>University of Texas at Arlington Amphibian and Reptile Diversity Research Center</citation>
              <resourceLogoUrl>http://vertnet.nhm.ku.edu:8080/ipt/logo.do?r=uta_herps</resourceLogoUrl>
              <livingTimePeriod>1956 to Present</livingTimePeriod>
        </gbif>
    </metadata>
</additionalMetadata>

</eml:eml>
