<?xml version="1.0" encoding="utf-8"?>
<eml:eml xmlns:eml="eml://ecoinformatics.org/eml-2.1.1" xmlns:xsi="http://www.w3.org/2001/XMLSchema-instance"
         xsi:schemaLocation="eml://ecoinformatics.org/eml-2.1.1 http://rs.gbif.org/schema/eml-gbif-profile/1.1/eml.xsd"
        packageId="8e479b8f-ac16-4bed-a11a-bc7e27c31663"  system="http://gbif.org" scope="system"
  xml:lang="en">

<dataset>
      <alternateIdentifier>doi:10.15468/g3bard</alternateIdentifier>
        <alternateIdentifier>http://ipt.vertnet.org:8080/ipt/resource?r=ummz_herps</alternateIdentifier>
        <alternateIdentifier>http://ipt.vertnet.org:8080/ipt/resource.do?r=ummz_herps</alternateIdentifier>
        <alternateIdentifier>8e479b8f-ac16-4bed-a11a-bc7e27c31663</alternateIdentifier>
    <title>UMMZ Herpetology Collection</title>
    <creator>
    <individualName>
<givenName>Alison</givenName>        <surName>Davis Rabosky</surName>
    </individualName>
<organizationName>University of Michigan Museum of Zoology</organizationName><positionName>Research Faculty and Assistant Curator</positionName>    <address>
<deliveryPoint>1109 Geddes Ave., Room 1089 Ruthven</deliveryPoint><city>Ann Arbor</city><administrativeArea>MI</administrativeArea><postalCode>48109</postalCode><country>UNITED_STATES</country>    </address>
<phone>+01 734-763-8694</phone><electronicMailAddress>ardr@umich.edu</electronicMailAddress><onlineUrl>http://www.lsa.umich.edu/ummz/default.asp</onlineUrl>    </creator>
    <metadataProvider>
    <individualName>
<givenName>Greg</givenName>        <surName>Schneider</surName>
    </individualName>
<organizationName>University of Michigan Museum of Zoology</organizationName><positionName>Collection Manager</positionName>    <address>
<deliveryPoint>1109 Geddes Ave., Room 2032 Ruthven</deliveryPoint><city>Ann Arbor</city><administrativeArea>MI</administrativeArea><postalCode>48109</postalCode><country>UNITED_STATES</country>    </address>
<phone>+01 734-647-1927</phone><electronicMailAddress>ges@umich.edu</electronicMailAddress><onlineUrl>http://www.lsa.umich.edu/ummz/default.asp</onlineUrl>    </metadataProvider>
    <associatedParty>
    <individualName>
<givenName>Laura</givenName>        <surName>Russell</surName>
    </individualName>
<organizationName>VertNet</organizationName><positionName>VertNet Programmer</positionName><electronicMailAddress>larussell@vertnet.org</electronicMailAddress><onlineUrl>http://www.vertnet.org</onlineUrl>    <role>PROGRAMMER</role>
    </associatedParty>
    <associatedParty>
    <individualName>
<givenName>David</givenName>        <surName>Bloom</surName>
    </individualName>
<organizationName>VertNet</organizationName><positionName>VertNet Coordinator</positionName><electronicMailAddress>dbloom@vertnet.org</electronicMailAddress><onlineUrl>http://www.vertnet.org</onlineUrl>    <role>PROGRAMMER</role>
    </associatedParty>
    <associatedParty>
    <individualName>
<givenName>John</givenName>        <surName>Wieczorek</surName>
    </individualName>
<organizationName>Museum of Vertebrate Zoology at UC Berkeley</organizationName><positionName>Information Architect</positionName><electronicMailAddress>tuco@berkeley.edu</electronicMailAddress>    <role>PROGRAMMER</role>
    </associatedParty>
    <associatedParty>
    <individualName>
<givenName>Ron</givenName>        <surName>Nussbaum</surName>
    </individualName>
<organizationName>University of Michigan Museum of Zoology</organizationName><positionName>Professor and Curator</positionName>    <address>
<deliveryPoint>1109 Geddes Ave., Room 2017 Ruthven</deliveryPoint><city>Ann Arbor</city><administrativeArea>MI</administrativeArea><postalCode>48109</postalCode><country>UNITED_STATES</country>    </address>
<phone>+01 734-647-2201</phone><electronicMailAddress>nuss@umich.edu</electronicMailAddress><onlineUrl>http://www.lsa.umich.edu/ummz/default.asp</onlineUrl>    <role>POINT_OF_CONTACT</role>
    </associatedParty>
    <associatedParty>
    <individualName>
<givenName>Dan</givenName>        <surName>Rabosky</surName>
    </individualName>
<organizationName>University of Michigan Museum of Zoology</organizationName><positionName>Assistant Professor and Assistant Curator</positionName>    <address>
<deliveryPoint>1109 Geddes Ave., Room 2037 Ruthven</deliveryPoint><city>Ann Arbor</city><administrativeArea>MI</administrativeArea><postalCode>48109</postalCode><country>UNITED_STATES</country>    </address>
<phone>+01 510-610-9082</phone><electronicMailAddress>drabosky@umich.edu</electronicMailAddress><onlineUrl>http://www.lsa.umich.edu/ummz/default.asp</onlineUrl>    <role>POINT_OF_CONTACT</role>
    </associatedParty>
    <associatedParty>
    <individualName>
<givenName>John</givenName>        <surName>Torgersen</surName>
    </individualName>
<organizationName>University of Michigan LSAIT - Infrastructure</organizationName><positionName>Database Administrator</positionName>    <address>
<deliveryPoint>LSA Building, 500 S. State Street, Suite 1112</deliveryPoint><city>Ann Arbor</city><administrativeArea>MI</administrativeArea><postalCode>48109</postalCode><country>UNITED_STATES</country>    </address>
<phone>+01 734-615-1771</phone><electronicMailAddress>jtorg@umich.edu</electronicMailAddress><onlineUrl>http://www.lsa.umich.edu/lsait/</onlineUrl>    <role>POINT_OF_CONTACT</role>
    </associatedParty>
      <pubDate>
      2016-12-22
      </pubDate>
    <language>ENGLISH</language>
    <abstract>
        <para>The Division of Reptiles and Amphibians maintains a collection that is worldwide in scope. Presently, the research collections contain 197,469 (through catalogue number UMMZ 242,000) catalogued lots representing 433,505 individual specimens. These represent 1,067 genera and 5,323 species of which 13,818 specimens are skeletons. 99.9% of specimens are identified to genus, and 96% of specimens are identified to species. This includes 472 Primary Type specimens (representing 424 taxa) and 5,515 Paratypes (representing 804 taxa). The average growth over the last ten years has been nearly 1500 specimens per year. The auxiliary research collections contain 2,145 radiographs, 7,288 kodachrome slides, and 10,789 frozen tissue samples. All of the above mentioned collections have been inventoried and the data associated with them have been entered into computer databases in Filemaker Pro. A collection of 37 audio tapes containing hundreds of recordings of anuran vocalizations has been digitized and can now be accessed via the Division&amp;#39;s webpage, as well as catalogue records and digital images of all primary type specimens.</para>
    </abstract>
        <keywordSet>
              <keyword>Occurrence</keyword>
              <keywordThesaurus>GBIF Dataset Type Vocabulary: http://rs.gbif.org/vocabulary/gbif/dataset_type.xml</keywordThesaurus>
        </keywordSet>
      <additionalInfo>
          <para>http://vertnet.org/resources/norms.html</para>
      </additionalInfo>
      <intellectualRights>
        <para>To the extent possible under law, the publisher has waived all rights to these data and has dedicated them to the <ulink url="http://creativecommons.org/publicdomain/zero/1.0/legalcode"><citetitle>Public Domain (CC0 1.0)</citetitle></ulink>. Users may copy, modify, distribute and use the work, including for commercial purposes, without restriction.</para>
      </intellectualRights>
      <distribution scope="document">
          <online>
              <url function="information">http://www.lsa.umich.edu/ummz/herps/default.asp</url>
          </online>
      </distribution>
      <coverage>
            <geographicCoverage>
                  <geographicDescription>The Division of Reptiles and Amphibians maintains a collection that is worldwide in scope.</geographicDescription>
                  <boundingCoordinates>
                      <westBoundingCoordinate>-180</westBoundingCoordinate>
                      <eastBoundingCoordinate>180</eastBoundingCoordinate>
                      <northBoundingCoordinate>90</northBoundingCoordinate>
                      <southBoundingCoordinate>-90</southBoundingCoordinate>
                  </boundingCoordinates>
            </geographicCoverage>
              <taxonomicCoverage>
                    <taxonomicClassification>
                          <taxonRankName>Class</taxonRankName>
                        <taxonRankValue>Amphibia</taxonRankValue>
                          <commonName>amphibians</commonName>
                    </taxonomicClassification>
                    <taxonomicClassification>
                          <taxonRankName>Class</taxonRankName>
                        <taxonRankValue>Reptilia</taxonRankValue>
                          <commonName>reptiles</commonName>
                    </taxonomicClassification>
              </taxonomicCoverage>
      </coverage>
      <maintenance>
          <description>
              <para></para>
          </description>
          <maintenanceUpdateFrequency>unkown</maintenanceUpdateFrequency>
      </maintenance>
      <contact>
    <individualName>
<givenName>Greg</givenName>        <surName>Schneider</surName>
    </individualName>
<organizationName>University of Michigan Museum of Zoology</organizationName><positionName>Collection Manager</positionName>    <address>
<deliveryPoint>1109 Geddes Ave., Room 2032 Ruthven</deliveryPoint><city>Ann Arbor</city><administrativeArea>MI</administrativeArea><postalCode>48109</postalCode><country>UNITED_STATES</country>    </address>
<phone>+01 734-647-1927</phone><electronicMailAddress>ges@umich.edu</electronicMailAddress><onlineUrl>http://www.lsa.umich.edu/ummz/default.asp</onlineUrl>      </contact>

</dataset>

<additionalMetadata>
    <metadata>
      <gbif>
        <dateStamp>2017-03-26T22:50:51Z</dateStamp>
      <citation>UMMZ Herpetology Collection</citation>
        </gbif>
    </metadata>
</additionalMetadata>

</eml:eml>
