<?xml version="1.0" encoding="utf-8"?>
<eml:eml xmlns:eml="eml://ecoinformatics.org/eml-2.1.1" xmlns:xsi="http://www.w3.org/2001/XMLSchema-instance"
         xsi:schemaLocation="eml://ecoinformatics.org/eml-2.1.1 http://rs.gbif.org/schema/eml-gbif-profile/1.1/eml.xsd"
        packageId="96c25708-f762-11e1-a439-00145eb45e9a"  system="http://gbif.org" scope="system"
  xml:lang="en">

<dataset>
      <alternateIdentifier>doi:10.15468/rqnb5a</alternateIdentifier>
        <alternateIdentifier>http://ipt.vertnet.org:8080/ipt/resource?r=uaz_herps</alternateIdentifier>
        <alternateIdentifier>http://ipt.vertnet.org:8080/ipt/resource.do?r=uaz_herps</alternateIdentifier>
        <alternateIdentifier>96c25708-f762-11e1-a439-00145eb45e9a</alternateIdentifier>
        <alternateIdentifier>8428</alternateIdentifier>
    <title>UAZ Herpetology Collection</title>
    <creator>
    <individualName>
<givenName>George</givenName>        <surName>Bradley</surName>
    </individualName>
<organizationName>University of Arizona Museum of Natural History</organizationName><positionName>Collection Manager</positionName>    <address>
<deliveryPoint>Department of Ecology and Evolutionary Biology</deliveryPoint><city>Tucson</city><administrativeArea>AZ</administrativeArea><postalCode>85721</postalCode><country>UNITED_STATES</country>    </address>
<phone>+1 (520) 621-3187</phone><electronicMailAddress>gbradley@email.arizona.edu</electronicMailAddress><onlineUrl>http://www.eebweb.arizona.edu/Collections/</onlineUrl>    </creator>
    <metadataProvider>
    <individualName>
<givenName>George</givenName>        <surName>Bradley</surName>
    </individualName>
<organizationName>University of Arizona Museum of Natural History</organizationName><positionName>Collection Manager</positionName>    <address>
<deliveryPoint>Department of Ecology and Evolutionary Biology</deliveryPoint><city>Tucson</city><administrativeArea>AZ</administrativeArea><postalCode>85721</postalCode><country>UNITED_STATES</country>    </address>
<phone>+1 (520) 621-3187</phone><electronicMailAddress>gbradley@email.arizona.edu</electronicMailAddress><onlineUrl>http://www.eebweb.arizona.edu/Collections/</onlineUrl>    </metadataProvider>
    <associatedParty>
    <individualName>
<givenName>David</givenName>        <surName>Hearn</surName>
    </individualName>
<organizationName>University of Arizona Museum of Natural History</organizationName><positionName>Research Scientist</positionName>    <address>
<deliveryPoint>Department of Ecology and Evolutionary Biology</deliveryPoint><city>Tucson</city><administrativeArea>AZ</administrativeArea><postalCode>85721</postalCode><country>UNITED_STATES</country>    </address>
<phone>+1 (520) 621-4005</phone><electronicMailAddress>dhearn@email.arizona.edu</electronicMailAddress><onlineUrl>http://www.eebweb.arizona.edu/Collections/</onlineUrl>    <role>CURATOR</role>
    </associatedParty>
    <associatedParty>
    <individualName>
<givenName>Laura</givenName>        <surName>Russell</surName>
    </individualName>
<organizationName>VertNet</organizationName><positionName>Programmer</positionName><electronicMailAddress>larussell@vertnet.org</electronicMailAddress><onlineUrl>http://www.vertnet.org</onlineUrl>    <role>PROGRAMMER</role>
    </associatedParty>
    <associatedParty>
    <individualName>
<givenName>David</givenName>        <surName>Bloom</surName>
    </individualName>
<organizationName>VertNet</organizationName><positionName>Coordinator</positionName><electronicMailAddress>dbloom@vertnet.org</electronicMailAddress><onlineUrl>http://www.vertnet.org</onlineUrl>    <role>PROGRAMMER</role>
    </associatedParty>
    <associatedParty>
    <individualName>
<givenName>John</givenName>        <surName>Wieczorek</surName>
    </individualName>
<organizationName>Museum of Vertebrate Zoology at UC Berkeley</organizationName><positionName>Information Architect</positionName><electronicMailAddress>tuco@berkeley.edu</electronicMailAddress>    <role>PROGRAMMER</role>
    </associatedParty>
      <pubDate>
      2016-12-22
      </pubDate>
    <language>ENGLISH</language>
    <abstract>
        <para>The University of Arizona Museum of Natural History (UAZ), Herpetology Collection presently houses over 57,000 cataloged amphibian and reptile specimens.









The holdings for this Legacy Collection are international in scope, spanning forty-six countries from six continents, and include material from forty-six U.S. states and territories, as well as thirty Mexican states. Other regions with coverage include Central America, South America, Europe, Asia, Africa, Australia, Malaysia, and the Middle East. The principal strength of this collection, however, resides in extensive holdings from the Southwestern United States, and Northern Mexico. Approximently 70% of our specimens are from the States of Arizona, USA and Sonora, Mexico, making this assemblage one of the premiere regional collections in the country, and the single most important herpetological collection covering this extremely diverse and important biological realm.

The bulk of our holdings are formalin-fixed and preserved in isopropyl alcohol (33% for amphibians and 55% for reptiles), but the collection also includes osteological preparations, dehydrated specimens, photographic specimen vouchers (PSV), formalin preserved amphibian larvae, cleared and stained material, and a small but growing tissue collection. These collections are maintained by Collections Manager George Bradley. Any inquiries or comments should be directed to him. Full contact information is available at the bottom of this page.

At present, approximately 240 species of amphibians from 3 Orders, 24 Families, and 66 Genera, as well as 637 species of reptiles from 3 Orders, 35 Families, and 258 Genera are represented. Taxonomically, the collection has several important strengths. The collection possesses one of the largest and most diverse assemblages of the Teiid genus Cnemidophorus (Aspidoscelis in part) available with 8,860 specimens distributed in 35 species. Our holdings of the Family Xantusiidae demonstrate another strength, where 11 species are represented by over 1,200 specimens. Several other “southwestern specialties” such as the Viperid genus Crotalus (20 species, 2078 specimens), the Colubrid genera Phyllorhynchus (2 species, 479 specimens), Thamnophis (18 species, 1443 specimens), Salvadora (5 species, 578 specimens), and Chionactis (2 species, 314 specimens), as well as the Iguanid genera Urosaurus 6 species, 2628 specimens), Phrynosoma (12 species, 1950 specimens), Sauromalus (4 species, 345 specimens), and Sceloporus (44 species, 5738 specimens) are very well represented. This collection is also well known for its holdings of the genus Heloderma , with 25 H. horridum and 257 H. suspectum.

The collection maintains a total of 142 type specimens, which are comprised of 12 holotypes, 109 paratypes, 5 topotypes, and 16 topoparatypes. These type specimens may be made available for non-destructive study at UAZ facilities only, and are not generally available for specimen loans.

The data for all holdings in the collection have been computerized. Although very much still a work in progress, an attempt has been made to include all available information for each specimen in this database. The searchable database available within this website now contains much of this information. Data requests are available if additional information is needed.</para>
    </abstract>
        <keywordSet>
              <keyword>Occurrence</keyword>
              <keywordThesaurus>GBIF Dataset Type Vocabulary: http://rs.gbif.org/vocabulary/gbif/dataset_type.xml</keywordThesaurus>
        </keywordSet>
        <keywordSet>
              <keyword>Specimen</keyword>
              <keywordThesaurus>GBIF Dataset Subtype Vocabulary: http://rs.gbif.org/vocabulary/gbif/dataset_subtype.xml</keywordThesaurus>
        </keywordSet>
      <additionalInfo>
          <para>http://vertnet.org/resources/norms.html</para>
      </additionalInfo>
      <intellectualRights>
        <para>To the extent possible under law, the publisher has waived all rights to these data and has dedicated them to the <ulink url="http://creativecommons.org/publicdomain/zero/1.0/legalcode"><citetitle>Public Domain (CC0 1.0)</citetitle></ulink>. Users may copy, modify, distribute and use the work, including for commercial purposes, without restriction.</para>
      </intellectualRights>
      <distribution scope="document">
          <online>
              <url function="information">http://www.eebweb.arizona.edu/Collections/Herp/HerpPage.htm</url>
          </online>
      </distribution>
      <coverage>
            <geographicCoverage>
                  <geographicDescription>Global</geographicDescription>
                  <boundingCoordinates>
                      <westBoundingCoordinate>-180</westBoundingCoordinate>
                      <eastBoundingCoordinate>180</eastBoundingCoordinate>
                      <northBoundingCoordinate>90</northBoundingCoordinate>
                      <southBoundingCoordinate>-90</southBoundingCoordinate>
                  </boundingCoordinates>
            </geographicCoverage>
              <taxonomicCoverage>
                    <generalTaxonomicCoverage>At present, approximately 240 species of amphibians from 3 Orders, 24 Families, and 66 Genera, as well as 637 species of reptiles from 3 Orders, 35 Families, and 258 Genera are represented. Taxonomically, the collection has several important strengths. The collection possesses one of the largest and most diverse assemblages of the Teiid genus Cnemidophorus (Aspidoscelis in part) available with 8,860 specimens distributed in 35 species. Our holdings of the Family Xantusiidae demonstrate another strength, where 11 species are represented by over 1,200 specimens. Several other “southwestern specialties” such as the Viperid genus Crotalus (20 species, 2078 specimens), the Colubrid genera Phyllorhynchus (2 species, 479 specimens), Thamnophis (18 species, 1443 specimens), Salvadora (5 species, 578 specimens), and Chionactis (2 species, 314 specimens), as well as the Iguanid genera Urosaurus 6 species, 2628 specimens), Phrynosoma (12 species, 1950 specimens), Sauromalus (4 species, 345 specimens), and Sceloporus (44 species, 5738 specimens) are very well represented. This collection is also well known for its holdings of the genus Heloderma , with 25 H. horridum and 257 H. suspectum.</generalTaxonomicCoverage>
                    <taxonomicClassification>
                          <taxonRankName>Class</taxonRankName>
                        <taxonRankValue>Amphibia</taxonRankValue>
                    </taxonomicClassification>
                    <taxonomicClassification>
                          <taxonRankName>Class</taxonRankName>
                        <taxonRankValue>Reptilia</taxonRankValue>
                    </taxonomicClassification>
              </taxonomicCoverage>
      </coverage>
      <maintenance>
          <description>
              <para></para>
          </description>
          <maintenanceUpdateFrequency>unkown</maintenanceUpdateFrequency>
      </maintenance>
      <contact>
    <individualName>
<givenName>George</givenName>        <surName>Bradley</surName>
    </individualName>
<organizationName>University of Arizona Museum of Natural History</organizationName><positionName>Collection Manager</positionName>    <address>
<deliveryPoint>Department of Ecology and Evolutionary Biology</deliveryPoint><city>Tucson</city><administrativeArea>AZ</administrativeArea><postalCode>85721</postalCode><country>UNITED_STATES</country>    </address>
<phone>+1 (520) 621-3187</phone><electronicMailAddress>gbradley@email.arizona.edu</electronicMailAddress><onlineUrl>http://www.eebweb.arizona.edu/Collections/</onlineUrl>      </contact>

</dataset>

<additionalMetadata>
    <metadata>
      <gbif>
        <dateStamp>2017-03-26T22:50:47Z</dateStamp>
      <citation>University of Arizona Museum of Natural History (UAZ) Herpetology Collection</citation>
        </gbif>
    </metadata>
</additionalMetadata>

</eml:eml>
